"PÉRIODE DE RÉFÉRENCE";"GÉO";"DGUID";"Produits et groupes de produits";"UNITÉ DE MESURE";"IDENTIFICATEUR D'UNITÉ DE MESURE";"FACTEUR SCALAIRE";"IDENTIFICATEUR SCALAIRE";"VECTEUR";"COORDONNÉES";"VALEUR";"STATUS";"SYMBOLE";"TERMINÉ";"DÉCIMALES"
"2021-01";"Canada";"2016A000011124";"Ensemble";"2002=100";"17";"unités";"0";"v41690973";"2.2";"138.2";"";"";"";"1"
"2021-02";"Canada";"2016A000011124";"Ensemble";"2002=100";"17";"unités";"0";"v41690973";"2.2";"138.9";"";"";"";"1"
"2021-03";"Canada";"2016A000011124";"Ensemble";"2002=100";"17";"unités";"0";"v41690973";"2.2";"139.6";"";"";"";"1"
"2021-04";"Canada";"2016A000011124";"Ensemble";"2002=100";"17";"unités";"0";"v41690973";"2.2";"140.3";"";"";"";"1"
"2021-05";"Canada";"2016A000011124";"Ensemble";"2002=100";"17";"unités";"0";"v41690973";"2.2";"141.0";"";"";"";"1"
"2021-06";"Canada";"2016A000011124";"Ensemble";"2002=100";"17";"unités";"0";"v41690973";"2.2";"141.4";"";"";"";"1"
"2021-07";"Canada";"2016A000011124";"Ensemble";"2002=100";"17";"unités";"0";"v41690973";"2.2";"142.3";"";"";"";"1"
"2021-08";"Canada";"2016A000011124";"Ensemble";"2002=100";"17";"unités";"0";"v41690973";"2.2";"142.6";"";"";"";"1"
"2021-09";"Canada";"2016A000011124";"Ensemble";"2002=100";"17";"unités";"0";"v41690973";"2.2";"142.9";"";"";"";"1"
"2021-10";"Canada";"2016A000011124";"Ensemble";"2002=100";"17";"unités";"0";"v41690973";"2.2";"143.9";"";"";"";"1"
"2021-11";"Canada";"2016A000011124";"Ensemble";"2002=100";"17";"unités";"0";"v41690973";"2.2";"144.2";"";"";"";"1"
"2021-12";"Canada";"2016A000011124";"Ensemble";"2002=100";"17";"unités";"0";"v41690973";"2.2";"144.0";"";"";"";"1"
"2022-01";"Canada";"2016A000011124";"Ensemble";"2002=100";"17";"unités";"0";"v41690973";"2.2";"145.3";"";"";"";"1"
"2022-02";"Canada";"2016A000011124";"Ensemble";"2002=100";"17";"unités";"0";"v41690973";"2.2";"146.8";"";"";"";"1"
"2022-03";"Canada";"2016A000011124";"Ensemble";"2002=100";"17";"unités";"0";"v41690973";"2.2";"148.9";"";"";"";"1"
"2022-04";"Canada";"2016A000011124";"Ensemble";"2002=100";"17";"unités";"0";"v41690973";"2.2";"149.8";"";"";"";"1"
"2022-05";"Canada";"2016A000011124";"Ensemble";"2002=100";"17";"unités";"0";"v41690973";"2.2";"151.9";"";"";"";"1"
"2022-06";"Canada";"2016A000011124";"Ensemble";"2002=100";"17";"unités";"0";"v41690973";"2.2";"152.9";"";"";"";"1"
"2022-07";"Canada";"2016A000011124";"Ensemble";"2002=100";"17";"unités";"0";"v41690973";"2.2";"153.1";"";"";"";"1"
"2022-08";"Canada";"2016A000011124";"Ensemble";"2002=100";"17";"unités";"0";"v41690973";"2.2";"152.6";"";"";"";"1"
"2022-09";"Canada";"2016A000011124";"Ensemble";"2002=100";"17";"unités";"0";"v41690973";"2.2";"152.7";"";"";"";"1"
"2022-10";"Canada";"2016A000011124";"Ensemble";"2002=100";"17";"unités";"0";"v41690973";"2.2";"153.8";"";"";"";"1"
"2022-11";"Canada";"2016A000011124";"Ensemble";"2002=100";"17";"unités";"0";"v41690973";"2.2";"154.0";"";"";"";"1"
"2022-12";"Canada";"2016A000011124";"Ensemble";"2002=100";"17";"unités";"0";"v41690973";"2.2";"153.1";"";"";"";"1"
"2023-01";"Canada";"2016A000011124";"Ensemble";"2002=100";"17";"unités";"0";"v41690973";"2.2";"153.9";"";"";"";"1"
"2023-02";"Canada";"2016A000011124";"Ensemble";"2002=100";"17";"unités";"0";"v41690973";"2.2";"154.5";"";"";"";"1"
"2023-03";"Canada";"2016A000011124";"Ensemble";"2002=100";"17";"unités";"0";"v41690973";"2.2";"155.3";"";"";"";"1"
"2023-04";"Canada";"2016A000011124";"Ensemble";"2002=100";"17";"unités";"0";"v41690973";"2.2";"156.4";"";"";"";"1"
"2023-05";"Canada";"2016A000011124";"Ensemble";"2002=100";"17";"unités";"0";"v41690973";"2.2";"157.0";"";"";"";"1"
"2023-06";"Canada";"2016A000011124";"Ensemble";"2002=100";"17";"unités";"0";"v41690973";"2.2";"157.2";"";"";"";"1"
"2023-07";"Canada";"2016A000011124";"Ensemble";"2002=100";"17";"unités";"0";"v41690973";"2.2";"158.1";"";"";"";"1"
"2023-08";"Canada";"2016A000011124";"Ensemble";"2002=100";"17";"unités";"0";"v41690973";"2.2";"158.7";"";"";"";"1"
"2023-09";"Canada";"2016A000011124";"Ensemble";"2002=100";"17";"unités";"0";"v41690973";"2.2";"158.5";"";"";"";"1"
"2023-10";"Canada";"2016A000011124";"Ensemble";"2002=100";"17";"unités";"0";"v41690973";"2.2";"158.6";"";"";"";"1"
"2023-11";"Canada";"2016A000011124";"Ensemble";"2002=100";"17";"unités";"0";"v41690973";"2.2";"158.8";"";"";"";"1"
"2023-12";"Canada";"2016A000011124";"Ensemble";"2002=100";"17";"unités";"0";"v41690973";"2.2";"158.3";"";"";"";"1"
"2024-01";"Canada";"2016A000011124";"Ensemble";"2002=100";"17";"unités";"0";"v41690973";"2.2";"158.3";"";"";"";"1"
"2024-02";"Canada";"2016A000011124";"Ensemble";"2002=100";"17";"unités";"0";"v41690973";"2.2";"158.8";"";"";"";"1"
"2024-03";"Canada";"2016A000011124";"Ensemble";"2002=100";"17";"unités";"0";"v41690973";"2.2";"159.8";"";"";"";"1"
"2024-04";"Canada";"2016A000011124";"Ensemble";"2002=100";"17";"unités";"0";"v41690973";"2.2";"160.6";"";"";"";"1"
"2024-05";"Canada";"2016A000011124";"Ensemble";"2002=100";"17";"unités";"0";"v41690973";"2.2";"161.5";"";"";"";"1"
"2024-06";"Canada";"2016A000011124";"Ensemble";"2002=100";"17";"unités";"0";"v41690973";"2.2";"161.4";"";"";"";"1"
"2024-07";"Canada";"2016A000011124";"Ensemble";"2002=100";"17";"unités";"0";"v41690973";"2.2";"162.1";"";"";"";"1"
"2024-08";"Canada";"2016A000011124";"Ensemble";"2002=100";"17";"unités";"0";"v41690973";"2.2";"161.8";"";"";"";"1"
"2024-09";"Canada";"2016A000011124";"Ensemble";"2002=100";"17";"unités";"0";"v41690973";"2.2";"161.1";"";"";"";"1"
"2024-10";"Canada";"2016A000011124";"Ensemble";"2002=100";"17";"unités";"0";"v41690973";"2.2";"161.8";"";"";"";"1"
"2024-11";"Canada";"2016A000011124";"Ensemble";"2002=100";"17";"unités";"0";"v41690973";"2.2";"161.8";"";"";"";"1"
"2024-12";"Canada";"2016A000011124";"Ensemble";"2002=100";"17";"unités";"0";"v41690973";"2.2";"161.2";"";"";"";"1"
"2025-01";"Canada";"2016A000011124";"Ensemble";"2002=100";"17";"unités";"0";"v41690973";"2.2";"161.3";"";"";"";"1"
"2025-02";"Canada";"2016A000011124";"Ensemble";"2002=100";"17";"unités";"0";"v41690973";"2.2";"163.0";"";"";"";"1"
"2025-03";"Canada";"2016A000011124";"Ensemble";"2002=100";"17";"unités";"0";"v41690973";"2.2";"163.5";"";"";"";"1"
"2025-04";"Canada";"2016A000011124";"Ensemble";"2002=100";"17";"unités";"0";"v41690973";"2.2";"163.4";"";"";"";"1"
"2025-05";"Canada";"2016A000011124";"Ensemble";"2002=100";"17";"unités";"0";"v41690973";"2.2";"164.3";"";"";"";"1"
"2025-06";"Canada";"2016A000011124";"Ensemble";"2002=100";"17";"unités";"0";"v41690973";"2.2";"164.4";"";"";"";"1"
"2025-07";"Canada";"2016A000011124";"Ensemble";"2002=100";"17";"unités";"0";"v41690973";"2.2";"164.9";"";"";"";"1"
"2025-08";"Canada";"2016A000011124";"Ensemble";"2002=100";"17";"unités";"0";"v41690973";"2.2";"164.8";"";"";"";"1"
"2025-09";"Canada";"2016A000011124";"Ensemble";"2002=100";"17";"unités";"0";"v41690973";"2.2";"164.9";"";"";"";"1"
"2025-10";"Canada";"2016A000011124";"Ensemble";"2002=100";"17";"unités";"0";"v41690973";"2.2";"165.3";"";"";"";"1"
"2025-11";"Canada";"2016A000011124";"Ensemble";"2002=100";"17";"unités";"0";"v41690973";"2.2";"165.4";"";"";"";"1"
"2025-12";"Canada";"2016A000011124";"Ensemble";"2002=100";"17";"unités";"0";"v41690973";"2.2";"165.0";"";"";"";"1"
"2021-01";"Canada";"2016A000011124";"Aliments";"2002=100";"17";"unités";"0";"v41690974";"2.3";"155.0";"";"";"";"1"
"2021-02";"Canada";"2016A000011124";"Aliments";"2002=100";"17";"unités";"0";"v41690974";"2.3";"155.6";"";"";"";"1"
"2021-03";"Canada";"2016A000011124";"Aliments";"2002=100";"17";"unités";"0";"v41690974";"2.3";"155.5";"";"";"";"1"
"2021-04";"Canada";"2016A000011124";"Aliments";"2002=100";"17";"unités";"0";"v41690974";"2.3";"155.4";"";"";"";"1"
"2021-05";"Canada";"2016A000011124";"Aliments";"2002=100";"17";"unités";"0";"v41690974";"2.3";"156.6";"";"";"";"1"
"2021-06";"Canada";"2016A000011124";"Aliments";"2002=100";"17";"unités";"0";"v41690974";"2.3";"156.8";"";"";"";"1"
"2021-07";"Canada";"2016A000011124";"Aliments";"2002=100";"17";"unités";"0";"v41690974";"2.3";"157.6";"";"";"";"1"
"2021-08";"Canada";"2016A000011124";"Aliments";"2002=100";"17";"unités";"0";"v41690974";"2.3";"158.0";"";"";"";"1"
"2021-09";"Canada";"2016A000011124";"Aliments";"2002=100";"17";"unités";"0";"v41690974";"2.3";"158.5";"";"";"";"1"
"2021-10";"Canada";"2016A000011124";"Aliments";"2002=100";"17";"unités";"0";"v41690974";"2.3";"159.2";"";"";"";"1"
"2021-11";"Canada";"2016A000011124";"Aliments";"2002=100";"17";"unités";"0";"v41690974";"2.3";"160.7";"";"";"";"1"
"2021-12";"Canada";"2016A000011124";"Aliments";"2002=100";"17";"unités";"0";"v41690974";"2.3";"161.6";"";"";"";"1"
"2022-01";"Canada";"2016A000011124";"Aliments";"2002=100";"17";"unités";"0";"v41690974";"2.3";"163.9";"";"";"";"1"
"2022-02";"Canada";"2016A000011124";"Aliments";"2002=100";"17";"unités";"0";"v41690974";"2.3";"166.0";"";"";"";"1"
"2022-03";"Canada";"2016A000011124";"Aliments";"2002=100";"17";"unités";"0";"v41690974";"2.3";"167.5";"";"";"";"1"
"2022-04";"Canada";"2016A000011124";"Aliments";"2002=100";"17";"unités";"0";"v41690974";"2.3";"169.0";"";"";"";"1"
"2022-05";"Canada";"2016A000011124";"Aliments";"2002=100";"17";"unités";"0";"v41690974";"2.3";"170.4";"";"";"";"1"
"2022-06";"Canada";"2016A000011124";"Aliments";"2002=100";"17";"unités";"0";"v41690974";"2.3";"170.6";"";"";"";"1"
"2022-07";"Canada";"2016A000011124";"Aliments";"2002=100";"17";"unités";"0";"v41690974";"2.3";"172.1";"";"";"";"1"
"2022-08";"Canada";"2016A000011124";"Aliments";"2002=100";"17";"unités";"0";"v41690974";"2.3";"173.5";"";"";"";"1"
"2022-09";"Canada";"2016A000011124";"Aliments";"2002=100";"17";"unités";"0";"v41690974";"2.3";"174.8";"";"";"";"1"
"2022-10";"Canada";"2016A000011124";"Aliments";"2002=100";"17";"unités";"0";"v41690974";"2.3";"175.2";"";"";"";"1"
"2022-11";"Canada";"2016A000011124";"Aliments";"2002=100";"17";"unités";"0";"v41690974";"2.3";"177.3";"";"";"";"1"
"2022-12";"Canada";"2016A000011124";"Aliments";"2002=100";"17";"unités";"0";"v41690974";"2.3";"177.9";"";"";"";"1"
"2023-01";"Canada";"2016A000011124";"Aliments";"2002=100";"17";"unités";"0";"v41690974";"2.3";"181.0";"";"";"";"1"
"2023-02";"Canada";"2016A000011124";"Aliments";"2002=100";"17";"unités";"0";"v41690974";"2.3";"182.1";"";"";"";"1"
"2023-03";"Canada";"2016A000011124";"Aliments";"2002=100";"17";"unités";"0";"v41690974";"2.3";"182.4";"";"";"";"1"
"2023-04";"Canada";"2016A000011124";"Aliments";"2002=100";"17";"unités";"0";"v41690974";"2.3";"183.1";"";"";"";"1"
"2023-05";"Canada";"2016A000011124";"Aliments";"2002=100";"17";"unités";"0";"v41690974";"2.3";"184.6";"";"";"";"1"
"2023-06";"Canada";"2016A000011124";"Aliments";"2002=100";"17";"unités";"0";"v41690974";"2.3";"184.8";"";"";"";"1"
"2023-07";"Canada";"2016A000011124";"Aliments";"2002=100";"17";"unités";"0";"v41690974";"2.3";"185.5";"";"";"";"1"
"2023-08";"Canada";"2016A000011124";"Aliments";"2002=100";"17";"unités";"0";"v41690974";"2.3";"185.3";"";"";"";"1"
"2023-09";"Canada";"2016A000011124";"Aliments";"2002=100";"17";"unités";"0";"v41690974";"2.3";"185.2";"";"";"";"1"
"2023-10";"Canada";"2016A000011124";"Aliments";"2002=100";"17";"unités";"0";"v41690974";"2.3";"185.0";"";"";"";"1"
"2023-11";"Canada";"2016A000011124";"Aliments";"2002=100";"17";"unités";"0";"v41690974";"2.3";"186.2";"";"";"";"1"
"2023-12";"Canada";"2016A000011124";"Aliments";"2002=100";"17";"unités";"0";"v41690974";"2.3";"186.8";"";"";"";"1"
"2024-01";"Canada";"2016A000011124";"Aliments";"2002=100";"17";"unités";"0";"v41690974";"2.3";"188.1";"";"";"";"1"
"2024-02";"Canada";"2016A000011124";"Aliments";"2002=100";"17";"unités";"0";"v41690974";"2.3";"188.1";"";"";"";"1"
"2024-03";"Canada";"2016A000011124";"Aliments";"2002=100";"17";"unités";"0";"v41690974";"2.3";"187.8";"";"";"";"1"
"2024-04";"Canada";"2016A000011124";"Aliments";"2002=100";"17";"unités";"0";"v41690974";"2.3";"187.4";"";"";"";"1"
"2024-05";"Canada";"2016A000011124";"Aliments";"2002=100";"17";"unités";"0";"v41690974";"2.3";"189.0";"";"";"";"1"
"2024-06";"Canada";"2016A000011124";"Aliments";"2002=100";"17";"unités";"0";"v41690974";"2.3";"190.0";"";"";"";"1"
"2024-07";"Canada";"2016A000011124";"Aliments";"2002=100";"17";"unités";"0";"v41690974";"2.3";"190.5";"";"";"";"1"
"2024-08";"Canada";"2016A000011124";"Aliments";"2002=100";"17";"unités";"0";"v41690974";"2.3";"190.3";"";"";"";"1"
"2024-09";"Canada";"2016A000011124";"Aliments";"2002=100";"17";"unités";"0";"v41690974";"2.3";"190.3";"";"";"";"1"
"2024-10";"Canada";"2016A000011124";"Aliments";"2002=100";"17";"unités";"0";"v41690974";"2.3";"190.5";"";"";"";"1"
"2024-11";"Canada";"2016A000011124";"Aliments";"2002=100";"17";"unités";"0";"v41690974";"2.3";"191.5";"";"";"";"1"
"2024-12";"Canada";"2016A000011124";"Aliments";"2002=100";"17";"unités";"0";"v41690974";"2.3";"188.0";"";"";"";"1"
"2025-01";"Canada";"2016A000011124";"Aliments";"2002=100";"17";"unités";"0";"v41690974";"2.3";"187.0";"";"";"";"1"
"2025-02";"Canada";"2016A000011124";"Aliments";"2002=100";"17";"unités";"0";"v41690974";"2.3";"190.5";"";"";"";"1"
"2025-03";"Canada";"2016A000011124";"Aliments";"2002=100";"17";"unités";"0";"v41690974";"2.3";"193.8";"";"";"";"1"
"2025-04";"Canada";"2016A000011124";"Aliments";"2002=100";"17";"unités";"0";"v41690974";"2.3";"194.5";"";"";"";"1"
"2025-05";"Canada";"2016A000011124";"Aliments";"2002=100";"17";"unités";"0";"v41690974";"2.3";"195.4";"";"";"";"1"
"2025-06";"Canada";"2016A000011124";"Aliments";"2002=100";"17";"unités";"0";"v41690974";"2.3";"195.6";"";"";"";"1"
"2025-07";"Canada";"2016A000011124";"Aliments";"2002=100";"17";"unités";"0";"v41690974";"2.3";"196.8";"";"";"";"1"
"2025-08";"Canada";"2016A000011124";"Aliments";"2002=100";"17";"unités";"0";"v41690974";"2.3";"196.8";"";"";"";"1"
"2025-09";"Canada";"2016A000011124";"Aliments";"2002=100";"17";"unités";"0";"v41690974";"2.3";"197.5";"";"";"";"1"
"2025-10";"Canada";"2016A000011124";"Aliments";"2002=100";"17";"unités";"0";"v41690974";"2.3";"196.9";"";"";"";"1"
"2025-11";"Canada";"2016A000011124";"Aliments";"2002=100";"17";"unités";"0";"v41690974";"2.3";"199.5";"";"";"";"1"
"2025-12";"Canada";"2016A000011124";"Aliments";"2002=100";"17";"unités";"0";"v41690974";"2.3";"199.7";"";"";"";"1"
"2021-01";"Canada";"2016A000011124";"Logement";"2002=100";"17";"unités";"0";"v41691050";"2.79";"148.4";"";"";"";"1"
"2021-02";"Canada";"2016A000011124";"Logement";"2002=100";"17";"unités";"0";"v41691050";"2.79";"148.8";"";"";"";"1"
"2021-03";"Canada";"2016A000011124";"Logement";"2002=100";"17";"unités";"0";"v41691050";"2.79";"150.0";"";"";"";"1"
"2021-04";"Canada";"2016A000011124";"Logement";"2002=100";"17";"unités";"0";"v41691050";"2.79";"150.7";"";"";"";"1"
"2021-05";"Canada";"2016A000011124";"Logement";"2002=100";"17";"unités";"0";"v41691050";"2.79";"151.7";"";"";"";"1"
"2021-06";"Canada";"2016A000011124";"Logement";"2002=100";"17";"unités";"0";"v41691050";"2.79";"152.8";"";"";"";"1"
"2021-07";"Canada";"2016A000011124";"Logement";"2002=100";"17";"unités";"0";"v41691050";"2.79";"153.5";"";"";"";"1"
"2021-08";"Canada";"2016A000011124";"Logement";"2002=100";"17";"unités";"0";"v41691050";"2.79";"153.9";"";"";"";"1"
"2021-09";"Canada";"2016A000011124";"Logement";"2002=100";"17";"unités";"0";"v41691050";"2.79";"154.4";"";"";"";"1"
"2021-10";"Canada";"2016A000011124";"Logement";"2002=100";"17";"unités";"0";"v41691050";"2.79";"155.4";"";"";"";"1"
"2021-11";"Canada";"2016A000011124";"Logement";"2002=100";"17";"unités";"0";"v41691050";"2.79";"155.9";"";"";"";"1"
"2021-12";"Canada";"2016A000011124";"Logement";"2002=100";"17";"unités";"0";"v41691050";"2.79";"156.8";"";"";"";"1"
"2022-01";"Canada";"2016A000011124";"Logement";"2002=100";"17";"unités";"0";"v41691050";"2.79";"157.6";"";"";"";"1"
"2022-02";"Canada";"2016A000011124";"Logement";"2002=100";"17";"unités";"0";"v41691050";"2.79";"158.6";"";"";"";"1"
"2022-03";"Canada";"2016A000011124";"Logement";"2002=100";"17";"unités";"0";"v41691050";"2.79";"160.2";"";"";"";"1"
"2022-04";"Canada";"2016A000011124";"Logement";"2002=100";"17";"unités";"0";"v41691050";"2.79";"161.9";"";"";"";"1"
"2022-05";"Canada";"2016A000011124";"Logement";"2002=100";"17";"unités";"0";"v41691050";"2.79";"163.0";"";"";"";"1"
"2022-06";"Canada";"2016A000011124";"Logement";"2002=100";"17";"unités";"0";"v41691050";"2.79";"163.6";"";"";"";"1"
"2022-07";"Canada";"2016A000011124";"Logement";"2002=100";"17";"unités";"0";"v41691050";"2.79";"164.2";"";"";"";"1"
"2022-08";"Canada";"2016A000011124";"Logement";"2002=100";"17";"unités";"0";"v41691050";"2.79";"164.1";"";"";"";"1"
"2022-09";"Canada";"2016A000011124";"Logement";"2002=100";"17";"unités";"0";"v41691050";"2.79";"164.9";"";"";"";"1"
"2022-10";"Canada";"2016A000011124";"Logement";"2002=100";"17";"unités";"0";"v41691050";"2.79";"166.2";"";"";"";"1"
"2022-11";"Canada";"2016A000011124";"Logement";"2002=100";"17";"unités";"0";"v41691050";"2.79";"167.2";"";"";"";"1"
"2022-12";"Canada";"2016A000011124";"Logement";"2002=100";"17";"unités";"0";"v41691050";"2.79";"167.8";"";"";"";"1"
"2023-01";"Canada";"2016A000011124";"Logement";"2002=100";"17";"unités";"0";"v41691050";"2.79";"168.0";"";"";"";"1"
"2023-02";"Canada";"2016A000011124";"Logement";"2002=100";"17";"unités";"0";"v41691050";"2.79";"168.3";"";"";"";"1"
"2023-03";"Canada";"2016A000011124";"Logement";"2002=100";"17";"unités";"0";"v41691050";"2.79";"168.9";"";"";"";"1"
"2023-04";"Canada";"2016A000011124";"Logement";"2002=100";"17";"unités";"0";"v41691050";"2.79";"169.9";"";"";"";"1"
"2023-05";"Canada";"2016A000011124";"Logement";"2002=100";"17";"unités";"0";"v41691050";"2.79";"170.6";"";"";"";"1"
"2023-06";"Canada";"2016A000011124";"Logement";"2002=100";"17";"unités";"0";"v41691050";"2.79";"171.4";"";"";"";"1"
"2023-07";"Canada";"2016A000011124";"Logement";"2002=100";"17";"unités";"0";"v41691050";"2.79";"172.6";"";"";"";"1"
"2023-08";"Canada";"2016A000011124";"Logement";"2002=100";"17";"unités";"0";"v41691050";"2.79";"174.0";"";"";"";"1"
"2023-09";"Canada";"2016A000011124";"Logement";"2002=100";"17";"unités";"0";"v41691050";"2.79";"174.8";"";"";"";"1"
"2023-10";"Canada";"2016A000011124";"Logement";"2002=100";"17";"unités";"0";"v41691050";"2.79";"176.3";"";"";"";"1"
"2023-11";"Canada";"2016A000011124";"Logement";"2002=100";"17";"unités";"0";"v41691050";"2.79";"177.1";"";"";"";"1"
"2023-12";"Canada";"2016A000011124";"Logement";"2002=100";"17";"unités";"0";"v41691050";"2.79";"177.8";"";"";"";"1"
"2024-01";"Canada";"2016A000011124";"Logement";"2002=100";"17";"unités";"0";"v41691050";"2.79";"178.4";"";"";"";"1"
"2024-02";"Canada";"2016A000011124";"Logement";"2002=100";"17";"unités";"0";"v41691050";"2.79";"179.2";"";"";"";"1"
"2024-03";"Canada";"2016A000011124";"Logement";"2002=100";"17";"unités";"0";"v41691050";"2.79";"179.9";"";"";"";"1"
"2024-04";"Canada";"2016A000011124";"Logement";"2002=100";"17";"unités";"0";"v41691050";"2.79";"180.8";"";"";"";"1"
"2024-05";"Canada";"2016A000011124";"Logement";"2002=100";"17";"unités";"0";"v41691050";"2.79";"181.5";"";"";"";"1"
"2024-06";"Canada";"2016A000011124";"Logement";"2002=100";"17";"unités";"0";"v41691050";"2.79";"182.1";"";"";"";"1"
"2024-07";"Canada";"2016A000011124";"Logement";"2002=100";"17";"unités";"0";"v41691050";"2.79";"182.5";"";"";"";"1"
"2024-08";"Canada";"2016A000011124";"Logement";"2002=100";"17";"unités";"0";"v41691050";"2.79";"183.3";"";"";"";"1"
"2024-09";"Canada";"2016A000011124";"Logement";"2002=100";"17";"unités";"0";"v41691050";"2.79";"183.5";"";"";"";"1"
"2024-10";"Canada";"2016A000011124";"Logement";"2002=100";"17";"unités";"0";"v41691050";"2.79";"184.8";"";"";"";"1"
"2024-11";"Canada";"2016A000011124";"Logement";"2002=100";"17";"unités";"0";"v41691050";"2.79";"185.3";"";"";"";"1"
"2024-12";"Canada";"2016A000011124";"Logement";"2002=100";"17";"unités";"0";"v41691050";"2.79";"185.8";"";"";"";"1"
"2025-01";"Canada";"2016A000011124";"Logement";"2002=100";"17";"unités";"0";"v41691050";"2.79";"186.4";"";"";"";"1"
"2025-02";"Canada";"2016A000011124";"Logement";"2002=100";"17";"unités";"0";"v41691050";"2.79";"186.7";"";"";"";"1"
"2025-03";"Canada";"2016A000011124";"Logement";"2002=100";"17";"unités";"0";"v41691050";"2.79";"187.0";"";"";"";"1"
"2025-04";"Canada";"2016A000011124";"Logement";"2002=100";"17";"unités";"0";"v41691050";"2.79";"186.9";"";"";"";"1"
"2025-05";"Canada";"2016A000011124";"Logement";"2002=100";"17";"unités";"0";"v41691050";"2.79";"186.9";"";"";"";"1"
"2025-06";"Canada";"2016A000011124";"Logement";"2002=100";"17";"unités";"0";"v41691050";"2.79";"187.3";"";"";"";"1"
"2025-07";"Canada";"2016A000011124";"Logement";"2002=100";"17";"unités";"0";"v41691050";"2.79";"187.9";"";"";"";"1"
"2025-08";"Canada";"2016A000011124";"Logement";"2002=100";"17";"unités";"0";"v41691050";"2.79";"188.0";"";"";"";"1"
"2025-09";"Canada";"2016A000011124";"Logement";"2002=100";"17";"unités";"0";"v41691050";"2.79";"188.2";"";"";"";"1"
"2025-10";"Canada";"2016A000011124";"Logement";"2002=100";"17";"unités";"0";"v41691050";"2.79";"189.4";"";"";"";"1"
"2025-11";"Canada";"2016A000011124";"Logement";"2002=100";"17";"unités";"0";"v41691050";"2.79";"189.6";"";"";"";"1"
"2025-12";"Canada";"2016A000011124";"Logement";"2002=100";"17";"unités";"0";"v41691050";"2.79";"189.7";"";"";"";"1"
"2021-01";"Canada";"2016A000011124";"Dépenses courantes, ameublement et équipement du ménage";"2002=100";"17";"unités";"0";"v41691067";"2.96";"124.3";"";"";"";"1"
"2021-02";"Canada";"2016A000011124";"Dépenses courantes, ameublement et équipement du ménage";"2002=100";"17";"unités";"0";"v41691067";"2.96";"124.3";"";"";"";"1"
"2021-03";"Canada";"2016A000011124";"Dépenses courantes, ameublement et équipement du ménage";"2002=100";"17";"unités";"0";"v41691067";"2.96";"123.5";"";"";"";"1"
"2021-04";"Canada";"2016A000011124";"Dépenses courantes, ameublement et équipement du ménage";"2002=100";"17";"unités";"0";"v41691067";"2.96";"124.7";"";"";"";"1"
"2021-05";"Canada";"2016A000011124";"Dépenses courantes, ameublement et équipement du ménage";"2002=100";"17";"unités";"0";"v41691067";"2.96";"124.7";"";"";"";"1"
"2021-06";"Canada";"2016A000011124";"Dépenses courantes, ameublement et équipement du ménage";"2002=100";"17";"unités";"0";"v41691067";"2.96";"124.8";"";"";"";"1"
"2021-07";"Canada";"2016A000011124";"Dépenses courantes, ameublement et équipement du ménage";"2002=100";"17";"unités";"0";"v41691067";"2.96";"125.6";"";"";"";"1"
"2021-08";"Canada";"2016A000011124";"Dépenses courantes, ameublement et équipement du ménage";"2002=100";"17";"unités";"0";"v41691067";"2.96";"125.8";"";"";"";"1"
"2021-09";"Canada";"2016A000011124";"Dépenses courantes, ameublement et équipement du ménage";"2002=100";"17";"unités";"0";"v41691067";"2.96";"125.9";"";"";"";"1"
"2021-10";"Canada";"2016A000011124";"Dépenses courantes, ameublement et équipement du ménage";"2002=100";"17";"unités";"0";"v41691067";"2.96";"126.5";"";"";"";"1"
"2021-11";"Canada";"2016A000011124";"Dépenses courantes, ameublement et équipement du ménage";"2002=100";"17";"unités";"0";"v41691067";"2.96";"126.3";"";"";"";"1"
"2021-12";"Canada";"2016A000011124";"Dépenses courantes, ameublement et équipement du ménage";"2002=100";"17";"unités";"0";"v41691067";"2.96";"126.1";"";"";"";"1"
"2022-01";"Canada";"2016A000011124";"Dépenses courantes, ameublement et équipement du ménage";"2002=100";"17";"unités";"0";"v41691067";"2.96";"126.7";"";"";"";"1"
"2022-02";"Canada";"2016A000011124";"Dépenses courantes, ameublement et équipement du ménage";"2002=100";"17";"unités";"0";"v41691067";"2.96";"127.6";"";"";"";"1"
"2022-03";"Canada";"2016A000011124";"Dépenses courantes, ameublement et équipement du ménage";"2002=100";"17";"unités";"0";"v41691067";"2.96";"129.1";"";"";"";"1"
"2022-04";"Canada";"2016A000011124";"Dépenses courantes, ameublement et équipement du ménage";"2002=100";"17";"unités";"0";"v41691067";"2.96";"129.8";"";"";"";"1"
"2022-05";"Canada";"2016A000011124";"Dépenses courantes, ameublement et équipement du ménage";"2002=100";"17";"unités";"0";"v41691067";"2.96";"131.5";"";"";"";"1"
"2022-06";"Canada";"2016A000011124";"Dépenses courantes, ameublement et équipement du ménage";"2002=100";"17";"unités";"0";"v41691067";"2.96";"131.8";"";"";"";"1"
"2022-07";"Canada";"2016A000011124";"Dépenses courantes, ameublement et équipement du ménage";"2002=100";"17";"unités";"0";"v41691067";"2.96";"131.9";"";"";"";"1"
"2022-08";"Canada";"2016A000011124";"Dépenses courantes, ameublement et équipement du ménage";"2002=100";"17";"unités";"0";"v41691067";"2.96";"132.2";"";"";"";"1"
"2022-09";"Canada";"2016A000011124";"Dépenses courantes, ameublement et équipement du ménage";"2002=100";"17";"unités";"0";"v41691067";"2.96";"132.7";"";"";"";"1"
"2022-10";"Canada";"2016A000011124";"Dépenses courantes, ameublement et équipement du ménage";"2002=100";"17";"unités";"0";"v41691067";"2.96";"132.9";"";"";"";"1"
"2022-11";"Canada";"2016A000011124";"Dépenses courantes, ameublement et équipement du ménage";"2002=100";"17";"unités";"0";"v41691067";"2.96";"132.9";"";"";"";"1"
"2022-12";"Canada";"2016A000011124";"Dépenses courantes, ameublement et équipement du ménage";"2002=100";"17";"unités";"0";"v41691067";"2.96";"131.9";"";"";"";"1"
"2023-01";"Canada";"2016A000011124";"Dépenses courantes, ameublement et équipement du ménage";"2002=100";"17";"unités";"0";"v41691067";"2.96";"131.4";"";"";"";"1"
"2023-02";"Canada";"2016A000011124";"Dépenses courantes, ameublement et équipement du ménage";"2002=100";"17";"unités";"0";"v41691067";"2.96";"132.8";"";"";"";"1"
"2023-03";"Canada";"2016A000011124";"Dépenses courantes, ameublement et équipement du ménage";"2002=100";"17";"unités";"0";"v41691067";"2.96";"133.3";"";"";"";"1"
"2023-04";"Canada";"2016A000011124";"Dépenses courantes, ameublement et équipement du ménage";"2002=100";"17";"unités";"0";"v41691067";"2.96";"133.7";"";"";"";"1"
"2023-05";"Canada";"2016A000011124";"Dépenses courantes, ameublement et équipement du ménage";"2002=100";"17";"unités";"0";"v41691067";"2.96";"133.0";"";"";"";"1"
"2023-06";"Canada";"2016A000011124";"Dépenses courantes, ameublement et équipement du ménage";"2002=100";"17";"unités";"0";"v41691067";"2.96";"132.2";"";"";"";"1"
"2023-07";"Canada";"2016A000011124";"Dépenses courantes, ameublement et équipement du ménage";"2002=100";"17";"unités";"0";"v41691067";"2.96";"131.8";"";"";"";"1"
"2023-08";"Canada";"2016A000011124";"Dépenses courantes, ameublement et équipement du ménage";"2002=100";"17";"unités";"0";"v41691067";"2.96";"132.2";"";"";"";"1"
"2023-09";"Canada";"2016A000011124";"Dépenses courantes, ameublement et équipement du ménage";"2002=100";"17";"unités";"0";"v41691067";"2.96";"131.3";"";"";"";"1"
"2023-10";"Canada";"2016A000011124";"Dépenses courantes, ameublement et équipement du ménage";"2002=100";"17";"unités";"0";"v41691067";"2.96";"131.3";"";"";"";"1"
"2023-11";"Canada";"2016A000011124";"Dépenses courantes, ameublement et équipement du ménage";"2002=100";"17";"unités";"0";"v41691067";"2.96";"130.9";"";"";"";"1"
"2023-12";"Canada";"2016A000011124";"Dépenses courantes, ameublement et équipement du ménage";"2002=100";"17";"unités";"0";"v41691067";"2.96";"129.7";"";"";"";"1"
"2024-01";"Canada";"2016A000011124";"Dépenses courantes, ameublement et équipement du ménage";"2002=100";"17";"unités";"0";"v41691067";"2.96";"130.8";"";"";"";"1"
"2024-02";"Canada";"2016A000011124";"Dépenses courantes, ameublement et équipement du ménage";"2002=100";"17";"unités";"0";"v41691067";"2.96";"130.6";"";"";"";"1"
"2024-03";"Canada";"2016A000011124";"Dépenses courantes, ameublement et équipement du ménage";"2002=100";"17";"unités";"0";"v41691067";"2.96";"130.2";"";"";"";"1"
"2024-04";"Canada";"2016A000011124";"Dépenses courantes, ameublement et équipement du ménage";"2002=100";"17";"unités";"0";"v41691067";"2.96";"130.9";"";"";"";"1"
"2024-05";"Canada";"2016A000011124";"Dépenses courantes, ameublement et équipement du ménage";"2002=100";"17";"unités";"0";"v41691067";"2.96";"131.0";"";"";"";"1"
"2024-06";"Canada";"2016A000011124";"Dépenses courantes, ameublement et équipement du ménage";"2002=100";"17";"unités";"0";"v41691067";"2.96";"131.0";"";"";"";"1"
"2024-07";"Canada";"2016A000011124";"Dépenses courantes, ameublement et équipement du ménage";"2002=100";"17";"unités";"0";"v41691067";"2.96";"131.7";"";"";"";"1"
"2024-08";"Canada";"2016A000011124";"Dépenses courantes, ameublement et équipement du ménage";"2002=100";"17";"unités";"0";"v41691067";"2.96";"131.2";"";"";"";"1"
"2024-09";"Canada";"2016A000011124";"Dépenses courantes, ameublement et équipement du ménage";"2002=100";"17";"unités";"0";"v41691067";"2.96";"131.0";"";"";"";"1"
"2024-10";"Canada";"2016A000011124";"Dépenses courantes, ameublement et équipement du ménage";"2002=100";"17";"unités";"0";"v41691067";"2.96";"131.2";"";"";"";"1"
"2024-11";"Canada";"2016A000011124";"Dépenses courantes, ameublement et équipement du ménage";"2002=100";"17";"unités";"0";"v41691067";"2.96";"130.0";"";"";"";"1"
"2024-12";"Canada";"2016A000011124";"Dépenses courantes, ameublement et équipement du ménage";"2002=100";"17";"unités";"0";"v41691067";"2.96";"128.6";"";"";"";"1"
"2025-01";"Canada";"2016A000011124";"Dépenses courantes, ameublement et équipement du ménage";"2002=100";"17";"unités";"0";"v41691067";"2.96";"130.5";"";"";"";"1"
"2025-02";"Canada";"2016A000011124";"Dépenses courantes, ameublement et équipement du ménage";"2002=100";"17";"unités";"0";"v41691067";"2.96";"131.7";"";"";"";"1"
"2025-03";"Canada";"2016A000011124";"Dépenses courantes, ameublement et équipement du ménage";"2002=100";"17";"unités";"0";"v41691067";"2.96";"131.3";"";"";"";"1"
"2025-04";"Canada";"2016A000011124";"Dépenses courantes, ameublement et équipement du ménage";"2002=100";"17";"unités";"0";"v41691067";"2.96";"132.4";"";"";"";"1"
"2025-05";"Canada";"2016A000011124";"Dépenses courantes, ameublement et équipement du ménage";"2002=100";"17";"unités";"0";"v41691067";"2.96";"133.1";"";"";"";"1"
"2025-06";"Canada";"2016A000011124";"Dépenses courantes, ameublement et équipement du ménage";"2002=100";"17";"unités";"0";"v41691067";"2.96";"132.9";"";"";"";"1"
"2025-07";"Canada";"2016A000011124";"Dépenses courantes, ameublement et équipement du ménage";"2002=100";"17";"unités";"0";"v41691067";"2.96";"133.5";"";"";"";"1"
"2025-08";"Canada";"2016A000011124";"Dépenses courantes, ameublement et équipement du ménage";"2002=100";"17";"unités";"0";"v41691067";"2.96";"133.9";"";"";"";"1"
"2025-09";"Canada";"2016A000011124";"Dépenses courantes, ameublement et équipement du ménage";"2002=100";"17";"unités";"0";"v41691067";"2.96";"134.1";"";"";"";"1"
"2025-10";"Canada";"2016A000011124";"Dépenses courantes, ameublement et équipement du ménage";"2002=100";"17";"unités";"0";"v41691067";"2.96";"135.0";"";"";"";"1"
"2025-11";"Canada";"2016A000011124";"Dépenses courantes, ameublement et équipement du ménage";"2002=100";"17";"unités";"0";"v41691067";"2.96";"134.3";"";"";"";"1"
"2025-12";"Canada";"2016A000011124";"Dépenses courantes, ameublement et équipement du ménage";"2002=100";"17";"unités";"0";"v41691067";"2.96";"133.2";"";"";"";"1"
"2021-01";"Canada";"2016A000011124";"Vêtements et chaussures";"2002=100";"17";"unités";"0";"v41691108";"2.139";"91.9";"";"";"";"1"
"2021-02";"Canada";"2016A000011124";"Vêtements et chaussures";"2002=100";"17";"unités";"0";"v41691108";"2.139";"92.7";"";"";"";"1"
"2021-03";"Canada";"2016A000011124";"Vêtements et chaussures";"2002=100";"17";"unités";"0";"v41691108";"2.139";"93.7";"";"";"";"1"
"2021-04";"Canada";"2016A000011124";"Vêtements et chaussures";"2002=100";"17";"unités";"0";"v41691108";"2.139";"94.9";"";"";"";"1"
"2021-05";"Canada";"2016A000011124";"Vêtements et chaussures";"2002=100";"17";"unités";"0";"v41691108";"2.139";"95.1";"";"";"";"1"
"2021-06";"Canada";"2016A000011124";"Vêtements et chaussures";"2002=100";"17";"unités";"0";"v41691108";"2.139";"93.4";"";"";"";"1"
"2021-07";"Canada";"2016A000011124";"Vêtements et chaussures";"2002=100";"17";"unités";"0";"v41691108";"2.139";"93.0";"";"";"";"1"
"2021-08";"Canada";"2016A000011124";"Vêtements et chaussures";"2002=100";"17";"unités";"0";"v41691108";"2.139";"93.3";"";"";"";"1"
"2021-09";"Canada";"2016A000011124";"Vêtements et chaussures";"2002=100";"17";"unités";"0";"v41691108";"2.139";"94.7";"";"";"";"1"
"2021-10";"Canada";"2016A000011124";"Vêtements et chaussures";"2002=100";"17";"unités";"0";"v41691108";"2.139";"96.0";"";"";"";"1"
"2021-11";"Canada";"2016A000011124";"Vêtements et chaussures";"2002=100";"17";"unités";"0";"v41691108";"2.139";"96.9";"";"";"";"1"
"2021-12";"Canada";"2016A000011124";"Vêtements et chaussures";"2002=100";"17";"unités";"0";"v41691108";"2.139";"93.1";"";"";"";"1"
"2022-01";"Canada";"2016A000011124";"Vêtements et chaussures";"2002=100";"17";"unités";"0";"v41691108";"2.139";"93.4";"";"";"";"1"
"2022-02";"Canada";"2016A000011124";"Vêtements et chaussures";"2002=100";"17";"unités";"0";"v41691108";"2.139";"93.8";"";"";"";"1"
"2022-03";"Canada";"2016A000011124";"Vêtements et chaussures";"2002=100";"17";"unités";"0";"v41691108";"2.139";"94.5";"";"";"";"1"
"2022-04";"Canada";"2016A000011124";"Vêtements et chaussures";"2002=100";"17";"unités";"0";"v41691108";"2.139";"95.1";"";"";"";"1"
"2022-05";"Canada";"2016A000011124";"Vêtements et chaussures";"2002=100";"17";"unités";"0";"v41691108";"2.139";"97.2";"";"";"";"1"
"2022-06";"Canada";"2016A000011124";"Vêtements et chaussures";"2002=100";"17";"unités";"0";"v41691108";"2.139";"95.9";"";"";"";"1"
"2022-07";"Canada";"2016A000011124";"Vêtements et chaussures";"2002=100";"17";"unités";"0";"v41691108";"2.139";"94.3";"";"";"";"1"
"2022-08";"Canada";"2016A000011124";"Vêtements et chaussures";"2002=100";"17";"unités";"0";"v41691108";"2.139";"94.6";"";"";"";"1"
"2022-09";"Canada";"2016A000011124";"Vêtements et chaussures";"2002=100";"17";"unités";"0";"v41691108";"2.139";"96.1";"";"";"";"1"
"2022-10";"Canada";"2016A000011124";"Vêtements et chaussures";"2002=100";"17";"unités";"0";"v41691108";"2.139";"97.7";"";"";"";"1"
"2022-11";"Canada";"2016A000011124";"Vêtements et chaussures";"2002=100";"17";"unités";"0";"v41691108";"2.139";"97.3";"";"";"";"1"
"2022-12";"Canada";"2016A000011124";"Vêtements et chaussures";"2002=100";"17";"unités";"0";"v41691108";"2.139";"94.8";"";"";"";"1"
"2023-01";"Canada";"2016A000011124";"Vêtements et chaussures";"2002=100";"17";"unités";"0";"v41691108";"2.139";"93.8";"";"";"";"1"
"2023-02";"Canada";"2016A000011124";"Vêtements et chaussures";"2002=100";"17";"unités";"0";"v41691108";"2.139";"95.6";"";"";"";"1"
"2023-03";"Canada";"2016A000011124";"Vêtements et chaussures";"2002=100";"17";"unités";"0";"v41691108";"2.139";"96.8";"";"";"";"1"
"2023-04";"Canada";"2016A000011124";"Vêtements et chaussures";"2002=100";"17";"unités";"0";"v41691108";"2.139";"97.5";"";"";"";"1"
"2023-05";"Canada";"2016A000011124";"Vêtements et chaussures";"2002=100";"17";"unités";"0";"v41691108";"2.139";"97.9";"";"";"";"1"
"2023-06";"Canada";"2016A000011124";"Vêtements et chaussures";"2002=100";"17";"unités";"0";"v41691108";"2.139";"96.2";"";"";"";"1"
"2023-07";"Canada";"2016A000011124";"Vêtements et chaussures";"2002=100";"17";"unités";"0";"v41691108";"2.139";"95.2";"";"";"";"1"
"2023-08";"Canada";"2016A000011124";"Vêtements et chaussures";"2002=100";"17";"unités";"0";"v41691108";"2.139";"96.2";"";"";"";"1"
"2023-09";"Canada";"2016A000011124";"Vêtements et chaussures";"2002=100";"17";"unités";"0";"v41691108";"2.139";"97.1";"";"";"";"1"
"2023-10";"Canada";"2016A000011124";"Vêtements et chaussures";"2002=100";"17";"unités";"0";"v41691108";"2.139";"97.2";"";"";"";"1"
"2023-11";"Canada";"2016A000011124";"Vêtements et chaussures";"2002=100";"17";"unités";"0";"v41691108";"2.139";"97.9";"";"";"";"1"
"2023-12";"Canada";"2016A000011124";"Vêtements et chaussures";"2002=100";"17";"unités";"0";"v41691108";"2.139";"95.7";"";"";"";"1"
"2024-01";"Canada";"2016A000011124";"Vêtements et chaussures";"2002=100";"17";"unités";"0";"v41691108";"2.139";"92.6";"";"";"";"1"
"2024-02";"Canada";"2016A000011124";"Vêtements et chaussures";"2002=100";"17";"unités";"0";"v41691108";"2.139";"91.6";"";"";"";"1"
"2024-03";"Canada";"2016A000011124";"Vêtements et chaussures";"2002=100";"17";"unités";"0";"v41691108";"2.139";"94.2";"";"";"";"1"
"2024-04";"Canada";"2016A000011124";"Vêtements et chaussures";"2002=100";"17";"unités";"0";"v41691108";"2.139";"95.0";"";"";"";"1"
"2024-05";"Canada";"2016A000011124";"Vêtements et chaussures";"2002=100";"17";"unités";"0";"v41691108";"2.139";"95.0";"";"";"";"1"
"2024-06";"Canada";"2016A000011124";"Vêtements et chaussures";"2002=100";"17";"unités";"0";"v41691108";"2.139";"93.2";"";"";"";"1"
"2024-07";"Canada";"2016A000011124";"Vêtements et chaussures";"2002=100";"17";"unités";"0";"v41691108";"2.139";"92.6";"";"";"";"1"
"2024-08";"Canada";"2016A000011124";"Vêtements et chaussures";"2002=100";"17";"unités";"0";"v41691108";"2.139";"92.0";"";"";"";"1"
"2024-09";"Canada";"2016A000011124";"Vêtements et chaussures";"2002=100";"17";"unités";"0";"v41691108";"2.139";"92.8";"";"";"";"1"
"2024-10";"Canada";"2016A000011124";"Vêtements et chaussures";"2002=100";"17";"unités";"0";"v41691108";"2.139";"95.0";"";"";"";"1"
"2024-11";"Canada";"2016A000011124";"Vêtements et chaussures";"2002=100";"17";"unités";"0";"v41691108";"2.139";"94.2";"";"";"";"1"
"2024-12";"Canada";"2016A000011124";"Vêtements et chaussures";"2002=100";"17";"unités";"0";"v41691108";"2.139";"91.4";"";"";"";"1"
"2025-01";"Canada";"2016A000011124";"Vêtements et chaussures";"2002=100";"17";"unités";"0";"v41691108";"2.139";"91.4";"";"";"";"1"
"2025-02";"Canada";"2016A000011124";"Vêtements et chaussures";"2002=100";"17";"unités";"0";"v41691108";"2.139";"92.9";"";"";"";"1"
"2025-03";"Canada";"2016A000011124";"Vêtements et chaussures";"2002=100";"17";"unités";"0";"v41691108";"2.139";"94.4";"";"";"";"1"
"2025-04";"Canada";"2016A000011124";"Vêtements et chaussures";"2002=100";"17";"unités";"0";"v41691108";"2.139";"94.2";"";"";"";"1"
"2025-05";"Canada";"2016A000011124";"Vêtements et chaussures";"2002=100";"17";"unités";"0";"v41691108";"2.139";"95.5";"";"";"";"1"
"2025-06";"Canada";"2016A000011124";"Vêtements et chaussures";"2002=100";"17";"unités";"0";"v41691108";"2.139";"95.1";"";"";"";"1"
"2025-07";"Canada";"2016A000011124";"Vêtements et chaussures";"2002=100";"17";"unités";"0";"v41691108";"2.139";"93.3";"";"";"";"1"
"2025-08";"Canada";"2016A000011124";"Vêtements et chaussures";"2002=100";"17";"unités";"0";"v41691108";"2.139";"93.6";"";"";"";"1"
"2025-09";"Canada";"2016A000011124";"Vêtements et chaussures";"2002=100";"17";"unités";"0";"v41691108";"2.139";"93.5";"";"";"";"1"
"2025-10";"Canada";"2016A000011124";"Vêtements et chaussures";"2002=100";"17";"unités";"0";"v41691108";"2.139";"94.7";"";"";"";"1"
"2025-11";"Canada";"2016A000011124";"Vêtements et chaussures";"2002=100";"17";"unités";"0";"v41691108";"2.139";"95.0";"";"";"";"1"
"2025-12";"Canada";"2016A000011124";"Vêtements et chaussures";"2002=100";"17";"unités";"0";"v41691108";"2.139";"91.9";"";"";"";"1"
"2021-01";"Canada";"2016A000011124";"Transports";"2002=100";"17";"unités";"0";"v41691128";"2.176";"144.9";"";"";"";"1"
"2021-02";"Canada";"2016A000011124";"Transports";"2002=100";"17";"unités";"0";"v41691128";"2.176";"147.1";"";"";"";"1"
"2021-03";"Canada";"2016A000011124";"Transports";"2002=100";"17";"unités";"0";"v41691128";"2.176";"148.8";"";"";"";"1"
"2021-04";"Canada";"2016A000011124";"Transports";"2002=100";"17";"unités";"0";"v41691128";"2.176";"149.5";"";"";"";"1"
"2021-05";"Canada";"2016A000011124";"Transports";"2002=100";"17";"unités";"0";"v41691128";"2.176";"150.3";"";"";"";"1"
"2021-06";"Canada";"2016A000011124";"Transports";"2002=100";"17";"unités";"0";"v41691128";"2.176";"150.8";"";"";"";"1"
"2021-07";"Canada";"2016A000011124";"Transports";"2002=100";"17";"unités";"0";"v41691128";"2.176";"152.2";"";"";"";"1"
"2021-08";"Canada";"2016A000011124";"Transports";"2002=100";"17";"unités";"0";"v41691128";"2.176";"153.8";"";"";"";"1"
"2021-09";"Canada";"2016A000011124";"Transports";"2002=100";"17";"unités";"0";"v41691128";"2.176";"153.2";"";"";"";"1"
"2021-10";"Canada";"2016A000011124";"Transports";"2002=100";"17";"unités";"0";"v41691128";"2.176";"155.4";"";"";"";"1"
"2021-11";"Canada";"2016A000011124";"Transports";"2002=100";"17";"unités";"0";"v41691128";"2.176";"155.4";"";"";"";"1"
"2021-12";"Canada";"2016A000011124";"Transports";"2002=100";"17";"unités";"0";"v41691128";"2.176";"154.9";"";"";"";"1"
"2022-01";"Canada";"2016A000011124";"Transports";"2002=100";"17";"unités";"0";"v41691128";"2.176";"156.9";"";"";"";"1"
"2022-02";"Canada";"2016A000011124";"Transports";"2002=100";"17";"unités";"0";"v41691128";"2.176";"159.9";"";"";"";"1"
"2022-03";"Canada";"2016A000011124";"Transports";"2002=100";"17";"unités";"0";"v41691128";"2.176";"165.5";"";"";"";"1"
"2022-04";"Canada";"2016A000011124";"Transports";"2002=100";"17";"unités";"0";"v41691128";"2.176";"166.3";"";"";"";"1"
"2022-05";"Canada";"2016A000011124";"Transports";"2002=100";"17";"unités";"0";"v41691128";"2.176";"172.2";"";"";"";"1"
"2022-06";"Canada";"2016A000011124";"Transports";"2002=100";"17";"unités";"0";"v41691128";"2.176";"176.2";"";"";"";"1"
"2022-07";"Canada";"2016A000011124";"Transports";"2002=100";"17";"unités";"0";"v41691128";"2.176";"174.1";"";"";"";"1"
"2022-08";"Canada";"2016A000011124";"Transports";"2002=100";"17";"unités";"0";"v41691128";"2.176";"169.7";"";"";"";"1"
"2022-09";"Canada";"2016A000011124";"Transports";"2002=100";"17";"unités";"0";"v41691128";"2.176";"166.5";"";"";"";"1"
"2022-10";"Canada";"2016A000011124";"Transports";"2002=100";"17";"unités";"0";"v41691128";"2.176";"170.1";"";"";"";"1"
"2022-11";"Canada";"2016A000011124";"Transports";"2002=100";"17";"unités";"0";"v41691128";"2.176";"168.6";"";"";"";"1"
"2022-12";"Canada";"2016A000011124";"Transports";"2002=100";"17";"unités";"0";"v41691128";"2.176";"164.2";"";"";"";"1"
"2023-01";"Canada";"2016A000011124";"Transports";"2002=100";"17";"unités";"0";"v41691128";"2.176";"165.4";"";"";"";"1"
"2023-02";"Canada";"2016A000011124";"Transports";"2002=100";"17";"unités";"0";"v41691128";"2.176";"164.8";"";"";"";"1"
"2023-03";"Canada";"2016A000011124";"Transports";"2002=100";"17";"unités";"0";"v41691128";"2.176";"166.0";"";"";"";"1"
"2023-04";"Canada";"2016A000011124";"Transports";"2002=100";"17";"unités";"0";"v41691128";"2.176";"168.5";"";"";"";"1"
"2023-05";"Canada";"2016A000011124";"Transports";"2002=100";"17";"unités";"0";"v41691128";"2.176";"168.1";"";"";"";"1"
"2023-06";"Canada";"2016A000011124";"Transports";"2002=100";"17";"unités";"0";"v41691128";"2.176";"170.2";"";"";"";"1"
"2023-07";"Canada";"2016A000011124";"Transports";"2002=100";"17";"unités";"0";"v41691128";"2.176";"172.4";"";"";"";"1"
"2023-08";"Canada";"2016A000011124";"Transports";"2002=100";"17";"unités";"0";"v41691128";"2.176";"173.6";"";"";"";"1"
"2023-09";"Canada";"2016A000011124";"Transports";"2002=100";"17";"unités";"0";"v41691128";"2.176";"171.9";"";"";"";"1"
"2023-10";"Canada";"2016A000011124";"Transports";"2002=100";"17";"unités";"0";"v41691128";"2.176";"169.5";"";"";"";"1"
"2023-11";"Canada";"2016A000011124";"Transports";"2002=100";"17";"unités";"0";"v41691128";"2.176";"168.5";"";"";"";"1"
"2023-12";"Canada";"2016A000011124";"Transports";"2002=100";"17";"unités";"0";"v41691128";"2.176";"169.5";"";"";"";"1"
"2024-01";"Canada";"2016A000011124";"Transports";"2002=100";"17";"unités";"0";"v41691128";"2.176";"167.4";"";"";"";"1"
"2024-02";"Canada";"2016A000011124";"Transports";"2002=100";"17";"unités";"0";"v41691128";"2.176";"168.5";"";"";"";"1"
"2024-03";"Canada";"2016A000011124";"Transports";"2002=100";"17";"unités";"0";"v41691128";"2.176";"171.0";"";"";"";"1"
"2024-04";"Canada";"2016A000011124";"Transports";"2002=100";"17";"unités";"0";"v41691128";"2.176";"173.8";"";"";"";"1"
"2024-05";"Canada";"2016A000011124";"Transports";"2002=100";"17";"unités";"0";"v41691128";"2.176";"173.9";"";"";"";"1"
"2024-06";"Canada";"2016A000011124";"Transports";"2002=100";"17";"unités";"0";"v41691128";"2.176";"173.6";"";"";"";"1"
"2024-07";"Canada";"2016A000011124";"Transports";"2002=100";"17";"unités";"0";"v41691128";"2.176";"175.9";"";"";"";"1"
"2024-08";"Canada";"2016A000011124";"Transports";"2002=100";"17";"unités";"0";"v41691128";"2.176";"173.5";"";"";"";"1"
"2024-09";"Canada";"2016A000011124";"Transports";"2002=100";"17";"unités";"0";"v41691128";"2.176";"169.3";"";"";"";"1"
"2024-10";"Canada";"2016A000011124";"Transports";"2002=100";"17";"unités";"0";"v41691128";"2.176";"169.9";"";"";"";"1"
"2024-11";"Canada";"2016A000011124";"Transports";"2002=100";"17";"unités";"0";"v41691128";"2.176";"170.4";"";"";"";"1"
"2024-12";"Canada";"2016A000011124";"Transports";"2002=100";"17";"unités";"0";"v41691128";"2.176";"173.4";"";"";"";"1"
"2025-01";"Canada";"2016A000011124";"Transports";"2002=100";"17";"unités";"0";"v41691128";"2.176";"173.1";"";"";"";"1"
"2025-02";"Canada";"2016A000011124";"Transports";"2002=100";"17";"unités";"0";"v41691128";"2.176";"173.6";"";"";"";"1"
"2025-03";"Canada";"2016A000011124";"Transports";"2002=100";"17";"unités";"0";"v41691128";"2.176";"173.1";"";"";"";"1"
"2025-04";"Canada";"2016A000011124";"Transports";"2002=100";"17";"unités";"0";"v41691128";"2.176";"170.5";"";"";"";"1"
"2025-05";"Canada";"2016A000011124";"Transports";"2002=100";"17";"unités";"0";"v41691128";"2.176";"171.7";"";"";"";"1"
"2025-06";"Canada";"2016A000011124";"Transports";"2002=100";"17";"unités";"0";"v41691128";"2.176";"172.6";"";"";"";"1"
"2025-07";"Canada";"2016A000011124";"Transports";"2002=100";"17";"unités";"0";"v41691128";"2.176";"173.3";"";"";"";"1"
"2025-08";"Canada";"2016A000011124";"Transports";"2002=100";"17";"unités";"0";"v41691128";"2.176";"172.7";"";"";"";"1"
"2025-09";"Canada";"2016A000011124";"Transports";"2002=100";"17";"unités";"0";"v41691128";"2.176";"171.8";"";"";"";"1"
"2025-10";"Canada";"2016A000011124";"Transports";"2002=100";"17";"unités";"0";"v41691128";"2.176";"171.1";"";"";"";"1"
"2025-11";"Canada";"2016A000011124";"Transports";"2002=100";"17";"unités";"0";"v41691128";"2.176";"171.6";"";"";"";"1"
"2025-12";"Canada";"2016A000011124";"Transports";"2002=100";"17";"unités";"0";"v41691128";"2.176";"172.6";"";"";"";"1"
"2021-01";"Canada";"2016A000011124";"Essence";"2002=100";"17";"unités";"0";"v41691136";"2.184";"160.9";"";"";"";"1"
"2021-02";"Canada";"2016A000011124";"Essence";"2002=100";"17";"unités";"0";"v41691136";"2.184";"171.3";"";"";"";"1"
"2021-03";"Canada";"2016A000011124";"Essence";"2002=100";"17";"unités";"0";"v41691136";"2.184";"181.3";"";"";"";"1"
"2021-04";"Canada";"2016A000011124";"Essence";"2002=100";"17";"unités";"0";"v41691136";"2.184";"184.6";"";"";"";"1"
"2021-05";"Canada";"2016A000011124";"Essence";"2002=100";"17";"unités";"0";"v41691136";"2.184";"190.5";"";"";"";"1"
"2021-06";"Canada";"2016A000011124";"Essence";"2002=100";"17";"unités";"0";"v41691136";"2.184";"193.6";"";"";"";"1"
"2021-07";"Canada";"2016A000011124";"Essence";"2002=100";"17";"unités";"0";"v41691136";"2.184";"200.4";"";"";"";"1"
"2021-08";"Canada";"2016A000011124";"Essence";"2002=100";"17";"unités";"0";"v41691136";"2.184";"201.3";"";"";"";"1"
"2021-09";"Canada";"2016A000011124";"Essence";"2002=100";"17";"unités";"0";"v41691136";"2.184";"201.0";"";"";"";"1"
"2021-10";"Canada";"2016A000011124";"Essence";"2002=100";"17";"unités";"0";"v41691136";"2.184";"211.1";"";"";"";"1"
"2021-11";"Canada";"2016A000011124";"Essence";"2002=100";"17";"unités";"0";"v41691136";"2.184";"210.8";"";"";"";"1"
"2021-12";"Canada";"2016A000011124";"Essence";"2002=100";"17";"unités";"0";"v41691136";"2.184";"202.2";"";"";"";"1"
"2022-01";"Canada";"2016A000011124";"Essence";"2002=100";"17";"unités";"0";"v41691136";"2.184";"211.9";"";"";"";"1"
"2022-02";"Canada";"2016A000011124";"Essence";"2002=100";"17";"unités";"0";"v41691136";"2.184";"226.6";"";"";"";"1"
"2022-03";"Canada";"2016A000011124";"Essence";"2002=100";"17";"unités";"0";"v41691136";"2.184";"253.4";"";"";"";"1"
"2022-04";"Canada";"2016A000011124";"Essence";"2002=100";"17";"unités";"0";"v41691136";"2.184";"251.7";"";"";"";"1"
"2022-05";"Canada";"2016A000011124";"Essence";"2002=100";"17";"unités";"0";"v41691136";"2.184";"281.9";"";"";"";"1"
"2022-06";"Canada";"2016A000011124";"Essence";"2002=100";"17";"unités";"0";"v41691136";"2.184";"299.4";"";"";"";"1"
"2022-07";"Canada";"2016A000011124";"Essence";"2002=100";"17";"unités";"0";"v41691136";"2.184";"271.8";"";"";"";"1"
"2022-08";"Canada";"2016A000011124";"Essence";"2002=100";"17";"unités";"0";"v41691136";"2.184";"245.8";"";"";"";"1"
"2022-09";"Canada";"2016A000011124";"Essence";"2002=100";"17";"unités";"0";"v41691136";"2.184";"227.6";"";"";"";"1"
"2022-10";"Canada";"2016A000011124";"Essence";"2002=100";"17";"unités";"0";"v41691136";"2.184";"248.6";"";"";"";"1"
"2022-11";"Canada";"2016A000011124";"Essence";"2002=100";"17";"unités";"0";"v41691136";"2.184";"239.6";"";"";"";"1"
"2022-12";"Canada";"2016A000011124";"Essence";"2002=100";"17";"unités";"0";"v41691136";"2.184";"208.3";"";"";"";"1"
"2023-01";"Canada";"2016A000011124";"Essence";"2002=100";"17";"unités";"0";"v41691136";"2.184";"218.1";"";"";"";"1"
"2023-02";"Canada";"2016A000011124";"Essence";"2002=100";"17";"unités";"0";"v41691136";"2.184";"215.9";"";"";"";"1"
"2023-03";"Canada";"2016A000011124";"Essence";"2002=100";"17";"unités";"0";"v41691136";"2.184";"218.4";"";"";"";"1"
"2023-04";"Canada";"2016A000011124";"Essence";"2002=100";"17";"unités";"0";"v41691136";"2.184";"232.2";"";"";"";"1"
"2023-05";"Canada";"2016A000011124";"Essence";"2002=100";"17";"unités";"0";"v41691136";"2.184";"230.3";"";"";"";"1"
"2023-06";"Canada";"2016A000011124";"Essence";"2002=100";"17";"unités";"0";"v41691136";"2.184";"234.7";"";"";"";"1"
"2023-07";"Canada";"2016A000011124";"Essence";"2002=100";"17";"unités";"0";"v41691136";"2.184";"236.8";"";"";"";"1"
"2023-08";"Canada";"2016A000011124";"Essence";"2002=100";"17";"unités";"0";"v41691136";"2.184";"247.8";"";"";"";"1"
"2023-09";"Canada";"2016A000011124";"Essence";"2002=100";"17";"unités";"0";"v41691136";"2.184";"244.7";"";"";"";"1"
"2023-10";"Canada";"2016A000011124";"Essence";"2002=100";"17";"unités";"0";"v41691136";"2.184";"229.1";"";"";"";"1"
"2023-11";"Canada";"2016A000011124";"Essence";"2002=100";"17";"unités";"0";"v41691136";"2.184";"221.1";"";"";"";"1"
"2023-12";"Canada";"2016A000011124";"Essence";"2002=100";"17";"unités";"0";"v41691136";"2.184";"211.3";"";"";"";"1"
"2024-01";"Canada";"2016A000011124";"Essence";"2002=100";"17";"unités";"0";"v41691136";"2.184";"209.3";"";"";"";"1"
"2024-02";"Canada";"2016A000011124";"Essence";"2002=100";"17";"unités";"0";"v41691136";"2.184";"217.7";"";"";"";"1"
"2024-03";"Canada";"2016A000011124";"Essence";"2002=100";"17";"unités";"0";"v41691136";"2.184";"228.3";"";"";"";"1"
"2024-04";"Canada";"2016A000011124";"Essence";"2002=100";"17";"unités";"0";"v41691136";"2.184";"246.3";"";"";"";"1"
"2024-05";"Canada";"2016A000011124";"Essence";"2002=100";"17";"unités";"0";"v41691136";"2.184";"243.2";"";"";"";"1"
"2024-06";"Canada";"2016A000011124";"Essence";"2002=100";"17";"unités";"0";"v41691136";"2.184";"235.7";"";"";"";"1"
"2024-07";"Canada";"2016A000011124";"Essence";"2002=100";"17";"unités";"0";"v41691136";"2.184";"241.4";"";"";"";"1"
"2024-08";"Canada";"2016A000011124";"Essence";"2002=100";"17";"unités";"0";"v41691136";"2.184";"235.2";"";"";"";"1"
"2024-09";"Canada";"2016A000011124";"Essence";"2002=100";"17";"unités";"0";"v41691136";"2.184";"218.4";"";"";"";"1"
"2024-10";"Canada";"2016A000011124";"Essence";"2002=100";"17";"unités";"0";"v41691136";"2.184";"220.0";"";"";"";"1"
"2024-11";"Canada";"2016A000011124";"Essence";"2002=100";"17";"unités";"0";"v41691136";"2.184";"220.1";"";"";"";"1"
"2024-12";"Canada";"2016A000011124";"Essence";"2002=100";"17";"unités";"0";"v41691136";"2.184";"218.7";"";"";"";"1"
"2025-01";"Canada";"2016A000011124";"Essence";"2002=100";"17";"unités";"0";"v41691136";"2.184";"227.4";"";"";"";"1"
"2025-02";"Canada";"2016A000011124";"Essence";"2002=100";"17";"unités";"0";"v41691136";"2.184";"228.8";"";"";"";"1"
"2025-03";"Canada";"2016A000011124";"Essence";"2002=100";"17";"unités";"0";"v41691136";"2.184";"224.7";"";"";"";"1"
"2025-04";"Canada";"2016A000011124";"Essence";"2002=100";"17";"unités";"0";"v41691136";"2.184";"201.7";"";"";"";"1"
"2025-05";"Canada";"2016A000011124";"Essence";"2002=100";"17";"unités";"0";"v41691136";"2.184";"205.5";"";"";"";"1"
"2025-06";"Canada";"2016A000011124";"Essence";"2002=100";"17";"unités";"0";"v41691136";"2.184";"204.0";"";"";"";"1"
"2025-07";"Canada";"2016A000011124";"Essence";"2002=100";"17";"unités";"0";"v41691136";"2.184";"202.5";"";"";"";"1"
"2025-08";"Canada";"2016A000011124";"Essence";"2002=100";"17";"unités";"0";"v41691136";"2.184";"205.4";"";"";"";"1"
"2025-09";"Canada";"2016A000011124";"Essence";"2002=100";"17";"unités";"0";"v41691136";"2.184";"209.4";"";"";"";"1"
"2025-10";"Canada";"2016A000011124";"Essence";"2002=100";"17";"unités";"0";"v41691136";"2.184";"199.4";"";"";"";"1"
"2025-11";"Canada";"2016A000011124";"Essence";"2002=100";"17";"unités";"0";"v41691136";"2.184";"203.0";"";"";"";"1"
"2025-12";"Canada";"2016A000011124";"Essence";"2002=100";"17";"unités";"0";"v41691136";"2.184";"188.6";"";"";"";"1"
"2021-01";"Canada";"2016A000011124";"Soins de santé et soins personnels";"2002=100";"17";"unités";"0";"v41691153";"2.201";"130.3";"";"";"";"1"
"2021-02";"Canada";"2016A000011124";"Soins de santé et soins personnels";"2002=100";"17";"unités";"0";"v41691153";"2.201";"130.5";"";"";"";"1"
"2021-03";"Canada";"2016A000011124";"Soins de santé et soins personnels";"2002=100";"17";"unités";"0";"v41691153";"2.201";"130.5";"";"";"";"1"
"2021-04";"Canada";"2016A000011124";"Soins de santé et soins personnels";"2002=100";"17";"unités";"0";"v41691153";"2.201";"132.5";"";"";"";"1"
"2021-05";"Canada";"2016A000011124";"Soins de santé et soins personnels";"2002=100";"17";"unités";"0";"v41691153";"2.201";"132.4";"";"";"";"1"
"2021-06";"Canada";"2016A000011124";"Soins de santé et soins personnels";"2002=100";"17";"unités";"0";"v41691153";"2.201";"132.6";"";"";"";"1"
"2021-07";"Canada";"2016A000011124";"Soins de santé et soins personnels";"2002=100";"17";"unités";"0";"v41691153";"2.201";"133.4";"";"";"";"1"
"2021-08";"Canada";"2016A000011124";"Soins de santé et soins personnels";"2002=100";"17";"unités";"0";"v41691153";"2.201";"133.3";"";"";"";"1"
"2021-09";"Canada";"2016A000011124";"Soins de santé et soins personnels";"2002=100";"17";"unités";"0";"v41691153";"2.201";"133.7";"";"";"";"1"
"2021-10";"Canada";"2016A000011124";"Soins de santé et soins personnels";"2002=100";"17";"unités";"0";"v41691153";"2.201";"133.9";"";"";"";"1"
"2021-11";"Canada";"2016A000011124";"Soins de santé et soins personnels";"2002=100";"17";"unités";"0";"v41691153";"2.201";"134.1";"";"";"";"1"
"2021-12";"Canada";"2016A000011124";"Soins de santé et soins personnels";"2002=100";"17";"unités";"0";"v41691153";"2.201";"133.4";"";"";"";"1"
"2022-01";"Canada";"2016A000011124";"Soins de santé et soins personnels";"2002=100";"17";"unités";"0";"v41691153";"2.201";"134.1";"";"";"";"1"
"2022-02";"Canada";"2016A000011124";"Soins de santé et soins personnels";"2002=100";"17";"unités";"0";"v41691153";"2.201";"134.6";"";"";"";"1"
"2022-03";"Canada";"2016A000011124";"Soins de santé et soins personnels";"2002=100";"17";"unités";"0";"v41691153";"2.201";"134.9";"";"";"";"1"
"2022-04";"Canada";"2016A000011124";"Soins de santé et soins personnels";"2002=100";"17";"unités";"0";"v41691153";"2.201";"137.0";"";"";"";"1"
"2022-05";"Canada";"2016A000011124";"Soins de santé et soins personnels";"2002=100";"17";"unités";"0";"v41691153";"2.201";"137.2";"";"";"";"1"
"2022-06";"Canada";"2016A000011124";"Soins de santé et soins personnels";"2002=100";"17";"unités";"0";"v41691153";"2.201";"137.8";"";"";"";"1"
"2022-07";"Canada";"2016A000011124";"Soins de santé et soins personnels";"2002=100";"17";"unités";"0";"v41691153";"2.201";"138.6";"";"";"";"1"
"2022-08";"Canada";"2016A000011124";"Soins de santé et soins personnels";"2002=100";"17";"unités";"0";"v41691153";"2.201";"139.1";"";"";"";"1"
"2022-09";"Canada";"2016A000011124";"Soins de santé et soins personnels";"2002=100";"17";"unités";"0";"v41691153";"2.201";"139.6";"";"";"";"1"
"2022-10";"Canada";"2016A000011124";"Soins de santé et soins personnels";"2002=100";"17";"unités";"0";"v41691153";"2.201";"140.4";"";"";"";"1"
"2022-11";"Canada";"2016A000011124";"Soins de santé et soins personnels";"2002=100";"17";"unités";"0";"v41691153";"2.201";"141.5";"";"";"";"1"
"2022-12";"Canada";"2016A000011124";"Soins de santé et soins personnels";"2002=100";"17";"unités";"0";"v41691153";"2.201";"141.5";"";"";"";"1"
"2023-01";"Canada";"2016A000011124";"Soins de santé et soins personnels";"2002=100";"17";"unités";"0";"v41691153";"2.201";"142.4";"";"";"";"1"
"2023-02";"Canada";"2016A000011124";"Soins de santé et soins personnels";"2002=100";"17";"unités";"0";"v41691153";"2.201";"143.0";"";"";"";"1"
"2023-03";"Canada";"2016A000011124";"Soins de santé et soins personnels";"2002=100";"17";"unités";"0";"v41691153";"2.201";"143.7";"";"";"";"1"
"2023-04";"Canada";"2016A000011124";"Soins de santé et soins personnels";"2002=100";"17";"unités";"0";"v41691153";"2.201";"145.7";"";"";"";"1"
"2023-05";"Canada";"2016A000011124";"Soins de santé et soins personnels";"2002=100";"17";"unités";"0";"v41691153";"2.201";"146.0";"";"";"";"1"
"2023-06";"Canada";"2016A000011124";"Soins de santé et soins personnels";"2002=100";"17";"unités";"0";"v41691153";"2.201";"146.4";"";"";"";"1"
"2023-07";"Canada";"2016A000011124";"Soins de santé et soins personnels";"2002=100";"17";"unités";"0";"v41691153";"2.201";"146.6";"";"";"";"1"
"2023-08";"Canada";"2016A000011124";"Soins de santé et soins personnels";"2002=100";"17";"unités";"0";"v41691153";"2.201";"147.2";"";"";"";"1"
"2023-09";"Canada";"2016A000011124";"Soins de santé et soins personnels";"2002=100";"17";"unités";"0";"v41691153";"2.201";"147.4";"";"";"";"1"
"2023-10";"Canada";"2016A000011124";"Soins de santé et soins personnels";"2002=100";"17";"unités";"0";"v41691153";"2.201";"147.3";"";"";"";"1"
"2023-11";"Canada";"2016A000011124";"Soins de santé et soins personnels";"2002=100";"17";"unités";"0";"v41691153";"2.201";"147.4";"";"";"";"1"
"2023-12";"Canada";"2016A000011124";"Soins de santé et soins personnels";"2002=100";"17";"unités";"0";"v41691153";"2.201";"146.7";"";"";"";"1"
"2024-01";"Canada";"2016A000011124";"Soins de santé et soins personnels";"2002=100";"17";"unités";"0";"v41691153";"2.201";"147.7";"";"";"";"1"
"2024-02";"Canada";"2016A000011124";"Soins de santé et soins personnels";"2002=100";"17";"unités";"0";"v41691153";"2.201";"148.4";"";"";"";"1"
"2024-03";"Canada";"2016A000011124";"Soins de santé et soins personnels";"2002=100";"17";"unités";"0";"v41691153";"2.201";"148.3";"";"";"";"1"
"2024-04";"Canada";"2016A000011124";"Soins de santé et soins personnels";"2002=100";"17";"unités";"0";"v41691153";"2.201";"150.0";"";"";"";"1"
"2024-05";"Canada";"2016A000011124";"Soins de santé et soins personnels";"2002=100";"17";"unités";"0";"v41691153";"2.201";"151.2";"";"";"";"1"
"2024-06";"Canada";"2016A000011124";"Soins de santé et soins personnels";"2002=100";"17";"unités";"0";"v41691153";"2.201";"150.8";"";"";"";"1"
"2024-07";"Canada";"2016A000011124";"Soins de santé et soins personnels";"2002=100";"17";"unités";"0";"v41691153";"2.201";"150.8";"";"";"";"1"
"2024-08";"Canada";"2016A000011124";"Soins de santé et soins personnels";"2002=100";"17";"unités";"0";"v41691153";"2.201";"151.1";"";"";"";"1"
"2024-09";"Canada";"2016A000011124";"Soins de santé et soins personnels";"2002=100";"17";"unités";"0";"v41691153";"2.201";"151.9";"";"";"";"1"
"2024-10";"Canada";"2016A000011124";"Soins de santé et soins personnels";"2002=100";"17";"unités";"0";"v41691153";"2.201";"151.9";"";"";"";"1"
"2024-11";"Canada";"2016A000011124";"Soins de santé et soins personnels";"2002=100";"17";"unités";"0";"v41691153";"2.201";"151.6";"";"";"";"1"
"2024-12";"Canada";"2016A000011124";"Soins de santé et soins personnels";"2002=100";"17";"unités";"0";"v41691153";"2.201";"151.3";"";"";"";"1"
"2025-01";"Canada";"2016A000011124";"Soins de santé et soins personnels";"2002=100";"17";"unités";"0";"v41691153";"2.201";"151.1";"";"";"";"1"
"2025-02";"Canada";"2016A000011124";"Soins de santé et soins personnels";"2002=100";"17";"unités";"0";"v41691153";"2.201";"151.9";"";"";"";"1"
"2025-03";"Canada";"2016A000011124";"Soins de santé et soins personnels";"2002=100";"17";"unités";"0";"v41691153";"2.201";"152.0";"";"";"";"1"
"2025-04";"Canada";"2016A000011124";"Soins de santé et soins personnels";"2002=100";"17";"unités";"0";"v41691153";"2.201";"152.8";"";"";"";"1"
"2025-05";"Canada";"2016A000011124";"Soins de santé et soins personnels";"2002=100";"17";"unités";"0";"v41691153";"2.201";"154.4";"";"";"";"1"
"2025-06";"Canada";"2016A000011124";"Soins de santé et soins personnels";"2002=100";"17";"unités";"0";"v41691153";"2.201";"154.8";"";"";"";"1"
"2025-07";"Canada";"2016A000011124";"Soins de santé et soins personnels";"2002=100";"17";"unités";"0";"v41691153";"2.201";"155.0";"";"";"";"1"
"2025-08";"Canada";"2016A000011124";"Soins de santé et soins personnels";"2002=100";"17";"unités";"0";"v41691153";"2.201";"155.4";"";"";"";"1"
"2025-09";"Canada";"2016A000011124";"Soins de santé et soins personnels";"2002=100";"17";"unités";"0";"v41691153";"2.201";"155.8";"";"";"";"1"
"2025-10";"Canada";"2016A000011124";"Soins de santé et soins personnels";"2002=100";"17";"unités";"0";"v41691153";"2.201";"155.7";"";"";"";"1"
"2025-11";"Canada";"2016A000011124";"Soins de santé et soins personnels";"2002=100";"17";"unités";"0";"v41691153";"2.201";"156.1";"";"";"";"1"
"2025-12";"Canada";"2016A000011124";"Soins de santé et soins personnels";"2002=100";"17";"unités";"0";"v41691153";"2.201";"155.7";"";"";"";"1"
"2021-01";"Canada";"2016A000011124";"Loisirs, formation et lecture";"2002=100";"17";"unités";"0";"v41691170";"2.219";"116.3";"";"";"";"1"
"2021-02";"Canada";"2016A000011124";"Loisirs, formation et lecture";"2002=100";"17";"unités";"0";"v41691170";"2.219";"116.1";"";"";"";"1"
"2021-03";"Canada";"2016A000011124";"Loisirs, formation et lecture";"2002=100";"17";"unités";"0";"v41691170";"2.219";"116.4";"";"";"";"1"
"2021-04";"Canada";"2016A000011124";"Loisirs, formation et lecture";"2002=100";"17";"unités";"0";"v41691170";"2.219";"116.8";"";"";"";"1"
"2021-05";"Canada";"2016A000011124";"Loisirs, formation et lecture";"2002=100";"17";"unités";"0";"v41691170";"2.219";"117.6";"";"";"";"1"
"2021-06";"Canada";"2016A000011124";"Loisirs, formation et lecture";"2002=100";"17";"unités";"0";"v41691170";"2.219";"118.0";"";"";"";"1"
"2021-07";"Canada";"2016A000011124";"Loisirs, formation et lecture";"2002=100";"17";"unités";"0";"v41691170";"2.219";"119.7";"";"";"";"1"
"2021-08";"Canada";"2016A000011124";"Loisirs, formation et lecture";"2002=100";"17";"unités";"0";"v41691170";"2.219";"118.6";"";"";"";"1"
"2021-09";"Canada";"2016A000011124";"Loisirs, formation et lecture";"2002=100";"17";"unités";"0";"v41691170";"2.219";"119.0";"";"";"";"1"
"2021-10";"Canada";"2016A000011124";"Loisirs, formation et lecture";"2002=100";"17";"unités";"0";"v41691170";"2.219";"120.1";"";"";"";"1"
"2021-11";"Canada";"2016A000011124";"Loisirs, formation et lecture";"2002=100";"17";"unités";"0";"v41691170";"2.219";"118.5";"";"";"";"1"
"2021-12";"Canada";"2016A000011124";"Loisirs, formation et lecture";"2002=100";"17";"unités";"0";"v41691170";"2.219";"117.7";"";"";"";"1"
"2022-01";"Canada";"2016A000011124";"Loisirs, formation et lecture";"2002=100";"17";"unités";"0";"v41691170";"2.219";"119.2";"";"";"";"1"
"2022-02";"Canada";"2016A000011124";"Loisirs, formation et lecture";"2002=100";"17";"unités";"0";"v41691170";"2.219";"120.9";"";"";"";"1"
"2022-03";"Canada";"2016A000011124";"Loisirs, formation et lecture";"2002=100";"17";"unités";"0";"v41691170";"2.219";"123.1";"";"";"";"1"
"2022-04";"Canada";"2016A000011124";"Loisirs, formation et lecture";"2002=100";"17";"unités";"0";"v41691170";"2.219";"121.6";"";"";"";"1"
"2022-05";"Canada";"2016A000011124";"Loisirs, formation et lecture";"2002=100";"17";"unités";"0";"v41691170";"2.219";"123.9";"";"";"";"1"
"2022-06";"Canada";"2016A000011124";"Loisirs, formation et lecture";"2002=100";"17";"unités";"0";"v41691170";"2.219";"125.3";"";"";"";"1"
"2022-07";"Canada";"2016A000011124";"Loisirs, formation et lecture";"2002=100";"17";"unités";"0";"v41691170";"2.219";"127.1";"";"";"";"1"
"2022-08";"Canada";"2016A000011124";"Loisirs, formation et lecture";"2002=100";"17";"unités";"0";"v41691170";"2.219";"125.4";"";"";"";"1"
"2022-09";"Canada";"2016A000011124";"Loisirs, formation et lecture";"2002=100";"17";"unités";"0";"v41691170";"2.219";"125.2";"";"";"";"1"
"2022-10";"Canada";"2016A000011124";"Loisirs, formation et lecture";"2002=100";"17";"unités";"0";"v41691170";"2.219";"125.0";"";"";"";"1"
"2022-11";"Canada";"2016A000011124";"Loisirs, formation et lecture";"2002=100";"17";"unités";"0";"v41691170";"2.219";"123.4";"";"";"";"1"
"2022-12";"Canada";"2016A000011124";"Loisirs, formation et lecture";"2002=100";"17";"unités";"0";"v41691170";"2.219";"121.7";"";"";"";"1"
"2023-01";"Canada";"2016A000011124";"Loisirs, formation et lecture";"2002=100";"17";"unités";"0";"v41691170";"2.219";"122.6";"";"";"";"1"
"2023-02";"Canada";"2016A000011124";"Loisirs, formation et lecture";"2002=100";"17";"unités";"0";"v41691170";"2.219";"123.7";"";"";"";"1"
"2023-03";"Canada";"2016A000011124";"Loisirs, formation et lecture";"2002=100";"17";"unités";"0";"v41691170";"2.219";"125.1";"";"";"";"1"
"2023-04";"Canada";"2016A000011124";"Loisirs, formation et lecture";"2002=100";"17";"unités";"0";"v41691170";"2.219";"125.4";"";"";"";"1"
"2023-05";"Canada";"2016A000011124";"Loisirs, formation et lecture";"2002=100";"17";"unités";"0";"v41691170";"2.219";"127.8";"";"";"";"1"
"2023-06";"Canada";"2016A000011124";"Loisirs, formation et lecture";"2002=100";"17";"unités";"0";"v41691170";"2.219";"126.8";"";"";"";"1"
"2023-07";"Canada";"2016A000011124";"Loisirs, formation et lecture";"2002=100";"17";"unités";"0";"v41691170";"2.219";"129.4";"";"";"";"1"
"2023-08";"Canada";"2016A000011124";"Loisirs, formation et lecture";"2002=100";"17";"unités";"0";"v41691170";"2.219";"128.2";"";"";"";"1"
"2023-09";"Canada";"2016A000011124";"Loisirs, formation et lecture";"2002=100";"17";"unités";"0";"v41691170";"2.219";"127.5";"";"";"";"1"
"2023-10";"Canada";"2016A000011124";"Loisirs, formation et lecture";"2002=100";"17";"unités";"0";"v41691170";"2.219";"128.6";"";"";"";"1"
"2023-11";"Canada";"2016A000011124";"Loisirs, formation et lecture";"2002=100";"17";"unités";"0";"v41691170";"2.219";"128.1";"";"";"";"1"
"2023-12";"Canada";"2016A000011124";"Loisirs, formation et lecture";"2002=100";"17";"unités";"0";"v41691170";"2.219";"123.8";"";"";"";"1"
"2024-01";"Canada";"2016A000011124";"Loisirs, formation et lecture";"2002=100";"17";"unités";"0";"v41691170";"2.219";"123.0";"";"";"";"1"
"2024-02";"Canada";"2016A000011124";"Loisirs, formation et lecture";"2002=100";"17";"unités";"0";"v41691170";"2.219";"125.0";"";"";"";"1"
"2024-03";"Canada";"2016A000011124";"Loisirs, formation et lecture";"2002=100";"17";"unités";"0";"v41691170";"2.219";"127.5";"";"";"";"1"
"2024-04";"Canada";"2016A000011124";"Loisirs, formation et lecture";"2002=100";"17";"unités";"0";"v41691170";"2.219";"126.6";"";"";"";"1"
"2024-05";"Canada";"2016A000011124";"Loisirs, formation et lecture";"2002=100";"17";"unités";"0";"v41691170";"2.219";"129.5";"";"";"";"1"
"2024-06";"Canada";"2016A000011124";"Loisirs, formation et lecture";"2002=100";"17";"unités";"0";"v41691170";"2.219";"127.6";"";"";"";"1"
"2024-07";"Canada";"2016A000011124";"Loisirs, formation et lecture";"2002=100";"17";"unités";"0";"v41691170";"2.219";"129.1";"";"";"";"1"
"2024-08";"Canada";"2016A000011124";"Loisirs, formation et lecture";"2002=100";"17";"unités";"0";"v41691170";"2.219";"128.0";"";"";"";"1"
"2024-09";"Canada";"2016A000011124";"Loisirs, formation et lecture";"2002=100";"17";"unités";"0";"v41691170";"2.219";"127.5";"";"";"";"1"
"2024-10";"Canada";"2016A000011124";"Loisirs, formation et lecture";"2002=100";"17";"unités";"0";"v41691170";"2.219";"127.5";"";"";"";"1"
"2024-11";"Canada";"2016A000011124";"Loisirs, formation et lecture";"2002=100";"17";"unités";"0";"v41691170";"2.219";"126.9";"";"";"";"1"
"2024-12";"Canada";"2016A000011124";"Loisirs, formation et lecture";"2002=100";"17";"unités";"0";"v41691170";"2.219";"126.0";"";"";"";"1"
"2025-01";"Canada";"2016A000011124";"Loisirs, formation et lecture";"2002=100";"17";"unités";"0";"v41691170";"2.219";"125.3";"";"";"";"1"
"2025-02";"Canada";"2016A000011124";"Loisirs, formation et lecture";"2002=100";"17";"unités";"0";"v41691170";"2.219";"129.6";"";"";"";"1"
"2025-03";"Canada";"2016A000011124";"Loisirs, formation et lecture";"2002=100";"17";"unités";"0";"v41691170";"2.219";"128.6";"";"";"";"1"
"2025-04";"Canada";"2016A000011124";"Loisirs, formation et lecture";"2002=100";"17";"unités";"0";"v41691170";"2.219";"128.4";"";"";"";"1"
"2025-05";"Canada";"2016A000011124";"Loisirs, formation et lecture";"2002=100";"17";"unités";"0";"v41691170";"2.219";"130.6";"";"";"";"1"
"2025-06";"Canada";"2016A000011124";"Loisirs, formation et lecture";"2002=100";"17";"unités";"0";"v41691170";"2.219";"129.6";"";"";"";"1"
"2025-07";"Canada";"2016A000011124";"Loisirs, formation et lecture";"2002=100";"17";"unités";"0";"v41691170";"2.219";"130.3";"";"";"";"1"
"2025-08";"Canada";"2016A000011124";"Loisirs, formation et lecture";"2002=100";"17";"unités";"0";"v41691170";"2.219";"128.7";"";"";"";"1"
"2025-09";"Canada";"2016A000011124";"Loisirs, formation et lecture";"2002=100";"17";"unités";"0";"v41691170";"2.219";"129.6";"";"";"";"1"
"2025-10";"Canada";"2016A000011124";"Loisirs, formation et lecture";"2002=100";"17";"unités";"0";"v41691170";"2.219";"130.0";"";"";"";"1"
"2025-11";"Canada";"2016A000011124";"Loisirs, formation et lecture";"2002=100";"17";"unités";"0";"v41691170";"2.219";"127.4";"";"";"";"1"
"2025-12";"Canada";"2016A000011124";"Loisirs, formation et lecture";"2002=100";"17";"unités";"0";"v41691170";"2.219";"126.2";"";"";"";"1"
"2021-01";"Canada";"2016A000011124";"Boissons alcoolisées, produits du tabac et cannabis récréatif";"2002=100";"17";"unités";"0";"v41691206";"2.256";"172.5";"";"";"";"1"
"2021-02";"Canada";"2016A000011124";"Boissons alcoolisées, produits du tabac et cannabis récréatif";"2002=100";"17";"unités";"0";"v41691206";"2.256";"173.2";"";"";"";"1"
"2021-03";"Canada";"2016A000011124";"Boissons alcoolisées, produits du tabac et cannabis récréatif";"2002=100";"17";"unités";"0";"v41691206";"2.256";"173.6";"";"";"";"1"
"2021-04";"Canada";"2016A000011124";"Boissons alcoolisées, produits du tabac et cannabis récréatif";"2002=100";"17";"unités";"0";"v41691206";"2.256";"174.4";"";"";"";"1"
"2021-05";"Canada";"2016A000011124";"Boissons alcoolisées, produits du tabac et cannabis récréatif";"2002=100";"17";"unités";"0";"v41691206";"2.256";"175.2";"";"";"";"1"
"2021-06";"Canada";"2016A000011124";"Boissons alcoolisées, produits du tabac et cannabis récréatif";"2002=100";"17";"unités";"0";"v41691206";"2.256";"175.5";"";"";"";"1"
"2021-07";"Canada";"2016A000011124";"Boissons alcoolisées, produits du tabac et cannabis récréatif";"2002=100";"17";"unités";"0";"v41691206";"2.256";"175.0";"";"";"";"1"
"2021-08";"Canada";"2016A000011124";"Boissons alcoolisées, produits du tabac et cannabis récréatif";"2002=100";"17";"unités";"0";"v41691206";"2.256";"176.2";"";"";"";"1"
"2021-09";"Canada";"2016A000011124";"Boissons alcoolisées, produits du tabac et cannabis récréatif";"2002=100";"17";"unités";"0";"v41691206";"2.256";"175.8";"";"";"";"1"
"2021-10";"Canada";"2016A000011124";"Boissons alcoolisées, produits du tabac et cannabis récréatif";"2002=100";"17";"unités";"0";"v41691206";"2.256";"176.2";"";"";"";"1"
"2021-11";"Canada";"2016A000011124";"Boissons alcoolisées, produits du tabac et cannabis récréatif";"2002=100";"17";"unités";"0";"v41691206";"2.256";"176.6";"";"";"";"1"
"2021-12";"Canada";"2016A000011124";"Boissons alcoolisées, produits du tabac et cannabis récréatif";"2002=100";"17";"unités";"0";"v41691206";"2.256";"175.7";"";"";"";"1"
"2022-01";"Canada";"2016A000011124";"Boissons alcoolisées, produits du tabac et cannabis récréatif";"2002=100";"17";"unités";"0";"v41691206";"2.256";"178.2";"";"";"";"1"
"2022-02";"Canada";"2016A000011124";"Boissons alcoolisées, produits du tabac et cannabis récréatif";"2002=100";"17";"unités";"0";"v41691206";"2.256";"178.5";"";"";"";"1"
"2022-03";"Canada";"2016A000011124";"Boissons alcoolisées, produits du tabac et cannabis récréatif";"2002=100";"17";"unités";"0";"v41691206";"2.256";"179.3";"";"";"";"1"
"2022-04";"Canada";"2016A000011124";"Boissons alcoolisées, produits du tabac et cannabis récréatif";"2002=100";"17";"unités";"0";"v41691206";"2.256";"179.8";"";"";"";"1"
"2022-05";"Canada";"2016A000011124";"Boissons alcoolisées, produits du tabac et cannabis récréatif";"2002=100";"17";"unités";"0";"v41691206";"2.256";"180.4";"";"";"";"1"
"2022-06";"Canada";"2016A000011124";"Boissons alcoolisées, produits du tabac et cannabis récréatif";"2002=100";"17";"unités";"0";"v41691206";"2.256";"180.7";"";"";"";"1"
"2022-07";"Canada";"2016A000011124";"Boissons alcoolisées, produits du tabac et cannabis récréatif";"2002=100";"17";"unités";"0";"v41691206";"2.256";"181.6";"";"";"";"1"
"2022-08";"Canada";"2016A000011124";"Boissons alcoolisées, produits du tabac et cannabis récréatif";"2002=100";"17";"unités";"0";"v41691206";"2.256";"182.4";"";"";"";"1"
"2022-09";"Canada";"2016A000011124";"Boissons alcoolisées, produits du tabac et cannabis récréatif";"2002=100";"17";"unités";"0";"v41691206";"2.256";"182.4";"";"";"";"1"
"2022-10";"Canada";"2016A000011124";"Boissons alcoolisées, produits du tabac et cannabis récréatif";"2002=100";"17";"unités";"0";"v41691206";"2.256";"183.5";"";"";"";"1"
"2022-11";"Canada";"2016A000011124";"Boissons alcoolisées, produits du tabac et cannabis récréatif";"2002=100";"17";"unités";"0";"v41691206";"2.256";"184.5";"";"";"";"1"
"2022-12";"Canada";"2016A000011124";"Boissons alcoolisées, produits du tabac et cannabis récréatif";"2002=100";"17";"unités";"0";"v41691206";"2.256";"184.2";"";"";"";"1"
"2023-01";"Canada";"2016A000011124";"Boissons alcoolisées, produits du tabac et cannabis récréatif";"2002=100";"17";"unités";"0";"v41691206";"2.256";"186.5";"";"";"";"1"
"2023-02";"Canada";"2016A000011124";"Boissons alcoolisées, produits du tabac et cannabis récréatif";"2002=100";"17";"unités";"0";"v41691206";"2.256";"187.3";"";"";"";"1"
"2023-03";"Canada";"2016A000011124";"Boissons alcoolisées, produits du tabac et cannabis récréatif";"2002=100";"17";"unités";"0";"v41691206";"2.256";"189.0";"";"";"";"1"
"2023-04";"Canada";"2016A000011124";"Boissons alcoolisées, produits du tabac et cannabis récréatif";"2002=100";"17";"unités";"0";"v41691206";"2.256";"189.4";"";"";"";"1"
"2023-05";"Canada";"2016A000011124";"Boissons alcoolisées, produits du tabac et cannabis récréatif";"2002=100";"17";"unités";"0";"v41691206";"2.256";"190.3";"";"";"";"1"
"2023-06";"Canada";"2016A000011124";"Boissons alcoolisées, produits du tabac et cannabis récréatif";"2002=100";"17";"unités";"0";"v41691206";"2.256";"190.5";"";"";"";"1"
"2023-07";"Canada";"2016A000011124";"Boissons alcoolisées, produits du tabac et cannabis récréatif";"2002=100";"17";"unités";"0";"v41691206";"2.256";"191.2";"";"";"";"1"
"2023-08";"Canada";"2016A000011124";"Boissons alcoolisées, produits du tabac et cannabis récréatif";"2002=100";"17";"unités";"0";"v41691206";"2.256";"191.9";"";"";"";"1"
"2023-09";"Canada";"2016A000011124";"Boissons alcoolisées, produits du tabac et cannabis récréatif";"2002=100";"17";"unités";"0";"v41691206";"2.256";"192.0";"";"";"";"1"
"2023-10";"Canada";"2016A000011124";"Boissons alcoolisées, produits du tabac et cannabis récréatif";"2002=100";"17";"unités";"0";"v41691206";"2.256";"192.2";"";"";"";"1"
"2023-11";"Canada";"2016A000011124";"Boissons alcoolisées, produits du tabac et cannabis récréatif";"2002=100";"17";"unités";"0";"v41691206";"2.256";"193.0";"";"";"";"1"
"2023-12";"Canada";"2016A000011124";"Boissons alcoolisées, produits du tabac et cannabis récréatif";"2002=100";"17";"unités";"0";"v41691206";"2.256";"192.1";"";"";"";"1"
"2024-01";"Canada";"2016A000011124";"Boissons alcoolisées, produits du tabac et cannabis récréatif";"2002=100";"17";"unités";"0";"v41691206";"2.256";"194.3";"";"";"";"1"
"2024-02";"Canada";"2016A000011124";"Boissons alcoolisées, produits du tabac et cannabis récréatif";"2002=100";"17";"unités";"0";"v41691206";"2.256";"194.1";"";"";"";"1"
"2024-03";"Canada";"2016A000011124";"Boissons alcoolisées, produits du tabac et cannabis récréatif";"2002=100";"17";"unités";"0";"v41691206";"2.256";"195.0";"";"";"";"1"
"2024-04";"Canada";"2016A000011124";"Boissons alcoolisées, produits du tabac et cannabis récréatif";"2002=100";"17";"unités";"0";"v41691206";"2.256";"195.9";"";"";"";"1"
"2024-05";"Canada";"2016A000011124";"Boissons alcoolisées, produits du tabac et cannabis récréatif";"2002=100";"17";"unités";"0";"v41691206";"2.256";"196.4";"";"";"";"1"
"2024-06";"Canada";"2016A000011124";"Boissons alcoolisées, produits du tabac et cannabis récréatif";"2002=100";"17";"unités";"0";"v41691206";"2.256";"196.5";"";"";"";"1"
"2024-07";"Canada";"2016A000011124";"Boissons alcoolisées, produits du tabac et cannabis récréatif";"2002=100";"17";"unités";"0";"v41691206";"2.256";"196.4";"";"";"";"1"
"2024-08";"Canada";"2016A000011124";"Boissons alcoolisées, produits du tabac et cannabis récréatif";"2002=100";"17";"unités";"0";"v41691206";"2.256";"197.9";"";"";"";"1"
"2024-09";"Canada";"2016A000011124";"Boissons alcoolisées, produits du tabac et cannabis récréatif";"2002=100";"17";"unités";"0";"v41691206";"2.256";"197.8";"";"";"";"1"
"2024-10";"Canada";"2016A000011124";"Boissons alcoolisées, produits du tabac et cannabis récréatif";"2002=100";"17";"unités";"0";"v41691206";"2.256";"198.0";"";"";"";"1"
"2024-11";"Canada";"2016A000011124";"Boissons alcoolisées, produits du tabac et cannabis récréatif";"2002=100";"17";"unités";"0";"v41691206";"2.256";"198.3";"";"";"";"1"
"2024-12";"Canada";"2016A000011124";"Boissons alcoolisées, produits du tabac et cannabis récréatif";"2002=100";"17";"unités";"0";"v41691206";"2.256";"193.5";"";"";"";"1"
"2025-01";"Canada";"2016A000011124";"Boissons alcoolisées, produits du tabac et cannabis récréatif";"2002=100";"17";"unités";"0";"v41691206";"2.256";"192.3";"";"";"";"1"
"2025-02";"Canada";"2016A000011124";"Boissons alcoolisées, produits du tabac et cannabis récréatif";"2002=100";"17";"unités";"0";"v41691206";"2.256";"195.2";"";"";"";"1"
"2025-03";"Canada";"2016A000011124";"Boissons alcoolisées, produits du tabac et cannabis récréatif";"2002=100";"17";"unités";"0";"v41691206";"2.256";"199.7";"";"";"";"1"
"2025-04";"Canada";"2016A000011124";"Boissons alcoolisées, produits du tabac et cannabis récréatif";"2002=100";"17";"unités";"0";"v41691206";"2.256";"200.0";"";"";"";"1"
"2025-05";"Canada";"2016A000011124";"Boissons alcoolisées, produits du tabac et cannabis récréatif";"2002=100";"17";"unités";"0";"v41691206";"2.256";"200.4";"";"";"";"1"
"2025-06";"Canada";"2016A000011124";"Boissons alcoolisées, produits du tabac et cannabis récréatif";"2002=100";"17";"unités";"0";"v41691206";"2.256";"200.2";"";"";"";"1"
"2025-07";"Canada";"2016A000011124";"Boissons alcoolisées, produits du tabac et cannabis récréatif";"2002=100";"17";"unités";"0";"v41691206";"2.256";"200.1";"";"";"";"1"
"2025-08";"Canada";"2016A000011124";"Boissons alcoolisées, produits du tabac et cannabis récréatif";"2002=100";"17";"unités";"0";"v41691206";"2.256";"200.5";"";"";"";"1"
"2025-09";"Canada";"2016A000011124";"Boissons alcoolisées, produits du tabac et cannabis récréatif";"2002=100";"17";"unités";"0";"v41691206";"2.256";"200.8";"";"";"";"1"
"2025-10";"Canada";"2016A000011124";"Boissons alcoolisées, produits du tabac et cannabis récréatif";"2002=100";"17";"unités";"0";"v41691206";"2.256";"201.0";"";"";"";"1"
"2025-11";"Canada";"2016A000011124";"Boissons alcoolisées, produits du tabac et cannabis récréatif";"2002=100";"17";"unités";"0";"v41691206";"2.256";"201.1";"";"";"";"1"
"2025-12";"Canada";"2016A000011124";"Boissons alcoolisées, produits du tabac et cannabis récréatif";"2002=100";"17";"unités";"0";"v41691206";"2.256";"200.4";"";"";"";"1"
"2021-01";"Canada";"2016A000011124";"Ensemble excluant les aliments et l'énergie";"2002=100";"17";"unités";"0";"v41691233";"2.285";"132.8";"";"";"";"1"
"2021-02";"Canada";"2016A000011124";"Ensemble excluant les aliments et l'énergie";"2002=100";"17";"unités";"0";"v41691233";"2.285";"133.1";"";"";"";"1"
"2021-03";"Canada";"2016A000011124";"Ensemble excluant les aliments et l'énergie";"2002=100";"17";"unités";"0";"v41691233";"2.285";"133.4";"";"";"";"1"
"2021-04";"Canada";"2016A000011124";"Ensemble excluant les aliments et l'énergie";"2002=100";"17";"unités";"0";"v41691233";"2.285";"134.2";"";"";"";"1"
"2021-05";"Canada";"2016A000011124";"Ensemble excluant les aliments et l'énergie";"2002=100";"17";"unités";"0";"v41691233";"2.285";"134.6";"";"";"";"1"
"2021-06";"Canada";"2016A000011124";"Ensemble excluant les aliments et l'énergie";"2002=100";"17";"unités";"0";"v41691233";"2.285";"135.0";"";"";"";"1"
"2021-07";"Canada";"2016A000011124";"Ensemble excluant les aliments et l'énergie";"2002=100";"17";"unités";"0";"v41691233";"2.285";"135.6";"";"";"";"1"
"2021-08";"Canada";"2016A000011124";"Ensemble excluant les aliments et l'énergie";"2002=100";"17";"unités";"0";"v41691233";"2.285";"135.9";"";"";"";"1"
"2021-09";"Canada";"2016A000011124";"Ensemble excluant les aliments et l'énergie";"2002=100";"17";"unités";"0";"v41691233";"2.285";"136.2";"";"";"";"1"
"2021-10";"Canada";"2016A000011124";"Ensemble excluant les aliments et l'énergie";"2002=100";"17";"unités";"0";"v41691233";"2.285";"136.8";"";"";"";"1"
"2021-11";"Canada";"2016A000011124";"Ensemble excluant les aliments et l'énergie";"2002=100";"17";"unités";"0";"v41691233";"2.285";"136.8";"";"";"";"1"
"2021-12";"Canada";"2016A000011124";"Ensemble excluant les aliments et l'énergie";"2002=100";"17";"unités";"0";"v41691233";"2.285";"136.7";"";"";"";"1"
"2022-01";"Canada";"2016A000011124";"Ensemble excluant les aliments et l'énergie";"2002=100";"17";"unités";"0";"v41691233";"2.285";"137.5";"";"";"";"1"
"2022-02";"Canada";"2016A000011124";"Ensemble excluant les aliments et l'énergie";"2002=100";"17";"unités";"0";"v41691233";"2.285";"138.3";"";"";"";"1"
"2022-03";"Canada";"2016A000011124";"Ensemble excluant les aliments et l'énergie";"2002=100";"17";"unités";"0";"v41691233";"2.285";"139.6";"";"";"";"1"
"2022-04";"Canada";"2016A000011124";"Ensemble excluant les aliments et l'énergie";"2002=100";"17";"unités";"0";"v41691233";"2.285";"140.4";"";"";"";"1"
"2022-05";"Canada";"2016A000011124";"Ensemble excluant les aliments et l'énergie";"2002=100";"17";"unités";"0";"v41691233";"2.285";"141.6";"";"";"";"1"
"2022-06";"Canada";"2016A000011124";"Ensemble excluant les aliments et l'énergie";"2002=100";"17";"unités";"0";"v41691233";"2.285";"142.2";"";"";"";"1"
"2022-07";"Canada";"2016A000011124";"Ensemble excluant les aliments et l'énergie";"2002=100";"17";"unités";"0";"v41691233";"2.285";"143.1";"";"";"";"1"
"2022-08";"Canada";"2016A000011124";"Ensemble excluant les aliments et l'énergie";"2002=100";"17";"unités";"0";"v41691233";"2.285";"143.1";"";"";"";"1"
"2022-09";"Canada";"2016A000011124";"Ensemble excluant les aliments et l'énergie";"2002=100";"17";"unités";"0";"v41691233";"2.285";"143.6";"";"";"";"1"
"2022-10";"Canada";"2016A000011124";"Ensemble excluant les aliments et l'énergie";"2002=100";"17";"unités";"0";"v41691233";"2.285";"144.1";"";"";"";"1"
"2022-11";"Canada";"2016A000011124";"Ensemble excluant les aliments et l'énergie";"2002=100";"17";"unités";"0";"v41691233";"2.285";"144.2";"";"";"";"1"
"2022-12";"Canada";"2016A000011124";"Ensemble excluant les aliments et l'énergie";"2002=100";"17";"unités";"0";"v41691233";"2.285";"144.0";"";"";"";"1"
"2023-01";"Canada";"2016A000011124";"Ensemble excluant les aliments et l'énergie";"2002=100";"17";"unités";"0";"v41691233";"2.285";"144.3";"";"";"";"1"
"2023-02";"Canada";"2016A000011124";"Ensemble excluant les aliments et l'énergie";"2002=100";"17";"unités";"0";"v41691233";"2.285";"145.0";"";"";"";"1"
"2023-03";"Canada";"2016A000011124";"Ensemble excluant les aliments et l'énergie";"2002=100";"17";"unités";"0";"v41691233";"2.285";"145.9";"";"";"";"1"
"2023-04";"Canada";"2016A000011124";"Ensemble excluant les aliments et l'énergie";"2002=100";"17";"unités";"0";"v41691233";"2.285";"146.6";"";"";"";"1"
"2023-05";"Canada";"2016A000011124";"Ensemble excluant les aliments et l'énergie";"2002=100";"17";"unités";"0";"v41691233";"2.285";"147.2";"";"";"";"1"
"2023-06";"Canada";"2016A000011124";"Ensemble excluant les aliments et l'énergie";"2002=100";"17";"unités";"0";"v41691233";"2.285";"147.2";"";"";"";"1"
"2023-07";"Canada";"2016A000011124";"Ensemble excluant les aliments et l'énergie";"2002=100";"17";"unités";"0";"v41691233";"2.285";"148.0";"";"";"";"1"
"2023-08";"Canada";"2016A000011124";"Ensemble excluant les aliments et l'énergie";"2002=100";"17";"unités";"0";"v41691233";"2.285";"148.3";"";"";"";"1"
"2023-09";"Canada";"2016A000011124";"Ensemble excluant les aliments et l'énergie";"2002=100";"17";"unités";"0";"v41691233";"2.285";"148.2";"";"";"";"1"
"2023-10";"Canada";"2016A000011124";"Ensemble excluant les aliments et l'énergie";"2002=100";"17";"unités";"0";"v41691233";"2.285";"149.0";"";"";"";"1"
"2023-11";"Canada";"2016A000011124";"Ensemble excluant les aliments et l'énergie";"2002=100";"17";"unités";"0";"v41691233";"2.285";"149.3";"";"";"";"1"
"2023-12";"Canada";"2016A000011124";"Ensemble excluant les aliments et l'énergie";"2002=100";"17";"unités";"0";"v41691233";"2.285";"148.9";"";"";"";"1"
"2024-01";"Canada";"2016A000011124";"Ensemble excluant les aliments et l'énergie";"2002=100";"17";"unités";"0";"v41691233";"2.285";"148.8";"";"";"";"1"
"2024-02";"Canada";"2016A000011124";"Ensemble excluant les aliments et l'énergie";"2002=100";"17";"unités";"0";"v41691233";"2.285";"149.1";"";"";"";"1"
"2024-03";"Canada";"2016A000011124";"Ensemble excluant les aliments et l'énergie";"2002=100";"17";"unités";"0";"v41691233";"2.285";"150.1";"";"";"";"1"
"2024-04";"Canada";"2016A000011124";"Ensemble excluant les aliments et l'énergie";"2002=100";"17";"unités";"0";"v41691233";"2.285";"150.5";"";"";"";"1"
"2024-05";"Canada";"2016A000011124";"Ensemble excluant les aliments et l'énergie";"2002=100";"17";"unités";"0";"v41691233";"2.285";"151.4";"";"";"";"1"
"2024-06";"Canada";"2016A000011124";"Ensemble excluant les aliments et l'énergie";"2002=100";"17";"unités";"0";"v41691233";"2.285";"151.4";"";"";"";"1"
"2024-07";"Canada";"2016A000011124";"Ensemble excluant les aliments et l'énergie";"2002=100";"17";"unités";"0";"v41691233";"2.285";"152.0";"";"";"";"1"
"2024-08";"Canada";"2016A000011124";"Ensemble excluant les aliments et l'énergie";"2002=100";"17";"unités";"0";"v41691233";"2.285";"151.8";"";"";"";"1"
"2024-09";"Canada";"2016A000011124";"Ensemble excluant les aliments et l'énergie";"2002=100";"17";"unités";"0";"v41691233";"2.285";"151.7";"";"";"";"1"
"2024-10";"Canada";"2016A000011124";"Ensemble excluant les aliments et l'énergie";"2002=100";"17";"unités";"0";"v41691233";"2.285";"152.4";"";"";"";"1"
"2024-11";"Canada";"2016A000011124";"Ensemble excluant les aliments et l'énergie";"2002=100";"17";"unités";"0";"v41691233";"2.285";"152.2";"";"";"";"1"
"2024-12";"Canada";"2016A000011124";"Ensemble excluant les aliments et l'énergie";"2002=100";"17";"unités";"0";"v41691233";"2.285";"152.1";"";"";"";"1"
"2025-01";"Canada";"2016A000011124";"Ensemble excluant les aliments et l'énergie";"2002=100";"17";"unités";"0";"v41691233";"2.285";"152.0";"";"";"";"1"
"2025-02";"Canada";"2016A000011124";"Ensemble excluant les aliments et l'énergie";"2002=100";"17";"unités";"0";"v41691233";"2.285";"153.4";"";"";"";"1"
"2025-03";"Canada";"2016A000011124";"Ensemble excluant les aliments et l'énergie";"2002=100";"17";"unités";"0";"v41691233";"2.285";"153.7";"";"";"";"1"
"2025-04";"Canada";"2016A000011124";"Ensemble excluant les aliments et l'énergie";"2002=100";"17";"unités";"0";"v41691233";"2.285";"154.4";"";"";"";"1"
"2025-05";"Canada";"2016A000011124";"Ensemble excluant les aliments et l'énergie";"2002=100";"17";"unités";"0";"v41691233";"2.285";"155.3";"";"";"";"1"
"2025-06";"Canada";"2016A000011124";"Ensemble excluant les aliments et l'énergie";"2002=100";"17";"unités";"0";"v41691233";"2.285";"155.4";"";"";"";"1"
"2025-07";"Canada";"2016A000011124";"Ensemble excluant les aliments et l'énergie";"2002=100";"17";"unités";"0";"v41691233";"2.285";"155.8";"";"";"";"1"
"2025-08";"Canada";"2016A000011124";"Ensemble excluant les aliments et l'énergie";"2002=100";"17";"unités";"0";"v41691233";"2.285";"155.5";"";"";"";"1"
"2025-09";"Canada";"2016A000011124";"Ensemble excluant les aliments et l'énergie";"2002=100";"17";"unités";"0";"v41691233";"2.285";"155.4";"";"";"";"1"
"2025-10";"Canada";"2016A000011124";"Ensemble excluant les aliments et l'énergie";"2002=100";"17";"unités";"0";"v41691233";"2.285";"156.5";"";"";"";"1"
"2025-11";"Canada";"2016A000011124";"Ensemble excluant les aliments et l'énergie";"2002=100";"17";"unités";"0";"v41691233";"2.285";"155.9";"";"";"";"1"
"2025-12";"Canada";"2016A000011124";"Ensemble excluant les aliments et l'énergie";"2002=100";"17";"unités";"0";"v41691233";"2.285";"155.9";"";"";"";"1"
"2021-01";"Canada";"2016A000011124";"Ensemble excluant l'énergie";"2002=100";"17";"unités";"0";"v41691238";"2.287";"136.7";"";"";"";"1"
"2021-02";"Canada";"2016A000011124";"Ensemble excluant l'énergie";"2002=100";"17";"unités";"0";"v41691238";"2.287";"137.1";"";"";"";"1"
"2021-03";"Canada";"2016A000011124";"Ensemble excluant l'énergie";"2002=100";"17";"unités";"0";"v41691238";"2.287";"137.3";"";"";"";"1"
"2021-04";"Canada";"2016A000011124";"Ensemble excluant l'énergie";"2002=100";"17";"unités";"0";"v41691238";"2.287";"137.9";"";"";"";"1"
"2021-05";"Canada";"2016A000011124";"Ensemble excluant l'énergie";"2002=100";"17";"unités";"0";"v41691238";"2.287";"138.5";"";"";"";"1"
"2021-06";"Canada";"2016A000011124";"Ensemble excluant l'énergie";"2002=100";"17";"unités";"0";"v41691238";"2.287";"138.8";"";"";"";"1"
"2021-07";"Canada";"2016A000011124";"Ensemble excluant l'énergie";"2002=100";"17";"unités";"0";"v41691238";"2.287";"139.5";"";"";"";"1"
"2021-08";"Canada";"2016A000011124";"Ensemble excluant l'énergie";"2002=100";"17";"unités";"0";"v41691238";"2.287";"139.8";"";"";"";"1"
"2021-09";"Canada";"2016A000011124";"Ensemble excluant l'énergie";"2002=100";"17";"unités";"0";"v41691238";"2.287";"140.1";"";"";"";"1"
"2021-10";"Canada";"2016A000011124";"Ensemble excluant l'énergie";"2002=100";"17";"unités";"0";"v41691238";"2.287";"140.7";"";"";"";"1"
"2021-11";"Canada";"2016A000011124";"Ensemble excluant l'énergie";"2002=100";"17";"unités";"0";"v41691238";"2.287";"141.0";"";"";"";"1"
"2021-12";"Canada";"2016A000011124";"Ensemble excluant l'énergie";"2002=100";"17";"unités";"0";"v41691238";"2.287";"141.1";"";"";"";"1"
"2022-01";"Canada";"2016A000011124";"Ensemble excluant l'énergie";"2002=100";"17";"unités";"0";"v41691238";"2.287";"142.1";"";"";"";"1"
"2022-02";"Canada";"2016A000011124";"Ensemble excluant l'énergie";"2002=100";"17";"unités";"0";"v41691238";"2.287";"143.1";"";"";"";"1"
"2022-03";"Canada";"2016A000011124";"Ensemble excluant l'énergie";"2002=100";"17";"unités";"0";"v41691238";"2.287";"144.4";"";"";"";"1"
"2022-04";"Canada";"2016A000011124";"Ensemble excluant l'énergie";"2002=100";"17";"unités";"0";"v41691238";"2.287";"145.3";"";"";"";"1"
"2022-05";"Canada";"2016A000011124";"Ensemble excluant l'énergie";"2002=100";"17";"unités";"0";"v41691238";"2.287";"146.6";"";"";"";"1"
"2022-06";"Canada";"2016A000011124";"Ensemble excluant l'énergie";"2002=100";"17";"unités";"0";"v41691238";"2.287";"147.1";"";"";"";"1"
"2022-07";"Canada";"2016A000011124";"Ensemble excluant l'énergie";"2002=100";"17";"unités";"0";"v41691238";"2.287";"148.1";"";"";"";"1"
"2022-08";"Canada";"2016A000011124";"Ensemble excluant l'énergie";"2002=100";"17";"unités";"0";"v41691238";"2.287";"148.3";"";"";"";"1"
"2022-09";"Canada";"2016A000011124";"Ensemble excluant l'énergie";"2002=100";"17";"unités";"0";"v41691238";"2.287";"148.9";"";"";"";"1"
"2022-10";"Canada";"2016A000011124";"Ensemble excluant l'énergie";"2002=100";"17";"unités";"0";"v41691238";"2.287";"149.4";"";"";"";"1"
"2022-11";"Canada";"2016A000011124";"Ensemble excluant l'énergie";"2002=100";"17";"unités";"0";"v41691238";"2.287";"149.8";"";"";"";"1"
"2022-12";"Canada";"2016A000011124";"Ensemble excluant l'énergie";"2002=100";"17";"unités";"0";"v41691238";"2.287";"149.7";"";"";"";"1"
"2023-01";"Canada";"2016A000011124";"Ensemble excluant l'énergie";"2002=100";"17";"unités";"0";"v41691238";"2.287";"150.4";"";"";"";"1"
"2023-02";"Canada";"2016A000011124";"Ensemble excluant l'énergie";"2002=100";"17";"unités";"0";"v41691238";"2.287";"151.2";"";"";"";"1"
"2023-03";"Canada";"2016A000011124";"Ensemble excluant l'énergie";"2002=100";"17";"unités";"0";"v41691238";"2.287";"152.0";"";"";"";"1"
"2023-04";"Canada";"2016A000011124";"Ensemble excluant l'énergie";"2002=100";"17";"unités";"0";"v41691238";"2.287";"152.7";"";"";"";"1"
"2023-05";"Canada";"2016A000011124";"Ensemble excluant l'énergie";"2002=100";"17";"unités";"0";"v41691238";"2.287";"153.4";"";"";"";"1"
"2023-06";"Canada";"2016A000011124";"Ensemble excluant l'énergie";"2002=100";"17";"unités";"0";"v41691238";"2.287";"153.5";"";"";"";"1"
"2023-07";"Canada";"2016A000011124";"Ensemble excluant l'énergie";"2002=100";"17";"unités";"0";"v41691238";"2.287";"154.3";"";"";"";"1"
"2023-08";"Canada";"2016A000011124";"Ensemble excluant l'énergie";"2002=100";"17";"unités";"0";"v41691238";"2.287";"154.5";"";"";"";"1"
"2023-09";"Canada";"2016A000011124";"Ensemble excluant l'énergie";"2002=100";"17";"unités";"0";"v41691238";"2.287";"154.4";"";"";"";"1"
"2023-10";"Canada";"2016A000011124";"Ensemble excluant l'énergie";"2002=100";"17";"unités";"0";"v41691238";"2.287";"155.1";"";"";"";"1"
"2023-11";"Canada";"2016A000011124";"Ensemble excluant l'énergie";"2002=100";"17";"unités";"0";"v41691238";"2.287";"155.5";"";"";"";"1"
"2023-12";"Canada";"2016A000011124";"Ensemble excluant l'énergie";"2002=100";"17";"unités";"0";"v41691238";"2.287";"155.2";"";"";"";"1"
"2024-01";"Canada";"2016A000011124";"Ensemble excluant l'énergie";"2002=100";"17";"unités";"0";"v41691238";"2.287";"155.3";"";"";"";"1"
"2024-02";"Canada";"2016A000011124";"Ensemble excluant l'énergie";"2002=100";"17";"unités";"0";"v41691238";"2.287";"155.6";"";"";"";"1"
"2024-03";"Canada";"2016A000011124";"Ensemble excluant l'énergie";"2002=100";"17";"unités";"0";"v41691238";"2.287";"156.4";"";"";"";"1"
"2024-04";"Canada";"2016A000011124";"Ensemble excluant l'énergie";"2002=100";"17";"unités";"0";"v41691238";"2.287";"156.6";"";"";"";"1"
"2024-05";"Canada";"2016A000011124";"Ensemble excluant l'énergie";"2002=100";"17";"unités";"0";"v41691238";"2.287";"157.7";"";"";"";"1"
"2024-06";"Canada";"2016A000011124";"Ensemble excluant l'énergie";"2002=100";"17";"unités";"0";"v41691238";"2.287";"157.8";"";"";"";"1"
"2024-07";"Canada";"2016A000011124";"Ensemble excluant l'énergie";"2002=100";"17";"unités";"0";"v41691238";"2.287";"158.5";"";"";"";"1"
"2024-08";"Canada";"2016A000011124";"Ensemble excluant l'énergie";"2002=100";"17";"unités";"0";"v41691238";"2.287";"158.3";"";"";"";"1"
"2024-09";"Canada";"2016A000011124";"Ensemble excluant l'énergie";"2002=100";"17";"unités";"0";"v41691238";"2.287";"158.1";"";"";"";"1"
"2024-10";"Canada";"2016A000011124";"Ensemble excluant l'énergie";"2002=100";"17";"unités";"0";"v41691238";"2.287";"158.8";"";"";"";"1"
"2024-11";"Canada";"2016A000011124";"Ensemble excluant l'énergie";"2002=100";"17";"unités";"0";"v41691238";"2.287";"158.8";"";"";"";"1"
"2024-12";"Canada";"2016A000011124";"Ensemble excluant l'énergie";"2002=100";"17";"unités";"0";"v41691238";"2.287";"158.2";"";"";"";"1"
"2025-01";"Canada";"2016A000011124";"Ensemble excluant l'énergie";"2002=100";"17";"unités";"0";"v41691238";"2.287";"157.9";"";"";"";"1"
"2025-02";"Canada";"2016A000011124";"Ensemble excluant l'énergie";"2002=100";"17";"unités";"0";"v41691238";"2.287";"159.6";"";"";"";"1"
"2025-03";"Canada";"2016A000011124";"Ensemble excluant l'énergie";"2002=100";"17";"unités";"0";"v41691238";"2.287";"160.3";"";"";"";"1"
"2025-04";"Canada";"2016A000011124";"Ensemble excluant l'énergie";"2002=100";"17";"unités";"0";"v41691238";"2.287";"161.1";"";"";"";"1"
"2025-05";"Canada";"2016A000011124";"Ensemble excluant l'énergie";"2002=100";"17";"unités";"0";"v41691238";"2.287";"161.9";"";"";"";"1"
"2025-06";"Canada";"2016A000011124";"Ensemble excluant l'énergie";"2002=100";"17";"unités";"0";"v41691238";"2.287";"162.1";"";"";"";"1"
"2025-07";"Canada";"2016A000011124";"Ensemble excluant l'énergie";"2002=100";"17";"unités";"0";"v41691238";"2.287";"162.6";"";"";"";"1"
"2025-08";"Canada";"2016A000011124";"Ensemble excluant l'énergie";"2002=100";"17";"unités";"0";"v41691238";"2.287";"162.3";"";"";"";"1"
"2025-09";"Canada";"2016A000011124";"Ensemble excluant l'énergie";"2002=100";"17";"unités";"0";"v41691238";"2.287";"162.4";"";"";"";"1"
"2025-10";"Canada";"2016A000011124";"Ensemble excluant l'énergie";"2002=100";"17";"unités";"0";"v41691238";"2.287";"163.2";"";"";"";"1"
"2025-11";"Canada";"2016A000011124";"Ensemble excluant l'énergie";"2002=100";"17";"unités";"0";"v41691238";"2.287";"163.1";"";"";"";"1"
"2025-12";"Canada";"2016A000011124";"Ensemble excluant l'énergie";"2002=100";"17";"unités";"0";"v41691238";"2.287";"163.1";"";"";"";"1"
"2021-01";"Canada";"2016A000011124";"Énergie";"2002=100";"17";"unités";"0";"v41691239";"2.288";"154.3";"";"";"";"1"
"2021-02";"Canada";"2016A000011124";"Énergie";"2002=100";"17";"unités";"0";"v41691239";"2.288";"160.4";"";"";"";"1"
"2021-03";"Canada";"2016A000011124";"Énergie";"2002=100";"17";"unités";"0";"v41691239";"2.288";"167.4";"";"";"";"1"
"2021-04";"Canada";"2016A000011124";"Énergie";"2002=100";"17";"unités";"0";"v41691239";"2.288";"170.2";"";"";"";"1"
"2021-05";"Canada";"2016A000011124";"Énergie";"2002=100";"17";"unités";"0";"v41691239";"2.288";"173.2";"";"";"";"1"
"2021-06";"Canada";"2016A000011124";"Énergie";"2002=100";"17";"unités";"0";"v41691239";"2.288";"174.7";"";"";"";"1"
"2021-07";"Canada";"2016A000011124";"Énergie";"2002=100";"17";"unités";"0";"v41691239";"2.288";"179.2";"";"";"";"1"
"2021-08";"Canada";"2016A000011124";"Énergie";"2002=100";"17";"unités";"0";"v41691239";"2.288";"180.2";"";"";"";"1"
"2021-09";"Canada";"2016A000011124";"Énergie";"2002=100";"17";"unités";"0";"v41691239";"2.288";"179.9";"";"";"";"1"
"2021-10";"Canada";"2016A000011124";"Énergie";"2002=100";"17";"unités";"0";"v41691239";"2.288";"187.5";"";"";"";"1"
"2021-11";"Canada";"2016A000011124";"Énergie";"2002=100";"17";"unités";"0";"v41691239";"2.288";"188.4";"";"";"";"1"
"2021-12";"Canada";"2016A000011124";"Énergie";"2002=100";"17";"unités";"0";"v41691239";"2.288";"184.2";"";"";"";"1"
"2022-01";"Canada";"2016A000011124";"Énergie";"2002=100";"17";"unités";"0";"v41691239";"2.288";"190.0";"";"";"";"1"
"2022-02";"Canada";"2016A000011124";"Énergie";"2002=100";"17";"unités";"0";"v41691239";"2.288";"199.0";"";"";"";"1"
"2022-03";"Canada";"2016A000011124";"Énergie";"2002=100";"17";"unités";"0";"v41691239";"2.288";"213.9";"";"";"";"1"
"2022-04";"Canada";"2016A000011124";"Énergie";"2002=100";"17";"unités";"0";"v41691239";"2.288";"215.1";"";"";"";"1"
"2022-05";"Canada";"2016A000011124";"Énergie";"2002=100";"17";"unités";"0";"v41691239";"2.288";"233.4";"";"";"";"1"
"2022-06";"Canada";"2016A000011124";"Énergie";"2002=100";"17";"unités";"0";"v41691239";"2.288";"242.5";"";"";"";"1"
"2022-07";"Canada";"2016A000011124";"Énergie";"2002=100";"17";"unités";"0";"v41691239";"2.288";"229.4";"";"";"";"1"
"2022-08";"Canada";"2016A000011124";"Énergie";"2002=100";"17";"unités";"0";"v41691239";"2.288";"214.5";"";"";"";"1"
"2022-09";"Canada";"2016A000011124";"Énergie";"2002=100";"17";"unités";"0";"v41691239";"2.288";"205.1";"";"";"";"1"
"2022-10";"Canada";"2016A000011124";"Énergie";"2002=100";"17";"unités";"0";"v41691239";"2.288";"217.9";"";"";"";"1"
"2022-11";"Canada";"2016A000011124";"Énergie";"2002=100";"17";"unités";"0";"v41691239";"2.288";"214.6";"";"";"";"1"
"2022-12";"Canada";"2016A000011124";"Énergie";"2002=100";"17";"unités";"0";"v41691239";"2.288";"197.7";"";"";"";"1"
"2023-01";"Canada";"2016A000011124";"Énergie";"2002=100";"17";"unités";"0";"v41691239";"2.288";"200.3";"";"";"";"1"
"2023-02";"Canada";"2016A000011124";"Énergie";"2002=100";"17";"unités";"0";"v41691239";"2.288";"197.9";"";"";"";"1"
"2023-03";"Canada";"2016A000011124";"Énergie";"2002=100";"17";"unités";"0";"v41691239";"2.288";"199.2";"";"";"";"1"
"2023-04";"Canada";"2016A000011124";"Énergie";"2002=100";"17";"unités";"0";"v41691239";"2.288";"206.0";"";"";"";"1"
"2023-05";"Canada";"2016A000011124";"Énergie";"2002=100";"17";"unités";"0";"v41691239";"2.288";"204.4";"";"";"";"1"
"2023-06";"Canada";"2016A000011124";"Énergie";"2002=100";"17";"unités";"0";"v41691239";"2.288";"207.2";"";"";"";"1"
"2023-07";"Canada";"2016A000011124";"Énergie";"2002=100";"17";"unités";"0";"v41691239";"2.288";"210.7";"";"";"";"1"
"2023-08";"Canada";"2016A000011124";"Énergie";"2002=100";"17";"unités";"0";"v41691239";"2.288";"218.4";"";"";"";"1"
"2023-09";"Canada";"2016A000011124";"Énergie";"2002=100";"17";"unités";"0";"v41691239";"2.288";"216.2";"";"";"";"1"
"2023-10";"Canada";"2016A000011124";"Énergie";"2002=100";"17";"unités";"0";"v41691239";"2.288";"206.2";"";"";"";"1"
"2023-11";"Canada";"2016A000011124";"Énergie";"2002=100";"17";"unités";"0";"v41691239";"2.288";"202.3";"";"";"";"1"
"2023-12";"Canada";"2016A000011124";"Énergie";"2002=100";"17";"unités";"0";"v41691239";"2.288";"197.0";"";"";"";"1"
"2024-01";"Canada";"2016A000011124";"Énergie";"2002=100";"17";"unités";"0";"v41691239";"2.288";"194.9";"";"";"";"1"
"2024-02";"Canada";"2016A000011124";"Énergie";"2002=100";"17";"unités";"0";"v41691239";"2.288";"200.4";"";"";"";"1"
"2024-03";"Canada";"2016A000011124";"Énergie";"2002=100";"17";"unités";"0";"v41691239";"2.288";"204.7";"";"";"";"1"
"2024-04";"Canada";"2016A000011124";"Énergie";"2002=100";"17";"unités";"0";"v41691239";"2.288";"215.2";"";"";"";"1"
"2024-05";"Canada";"2016A000011124";"Énergie";"2002=100";"17";"unités";"0";"v41691239";"2.288";"212.8";"";"";"";"1"
"2024-06";"Canada";"2016A000011124";"Énergie";"2002=100";"17";"unités";"0";"v41691239";"2.288";"208.3";"";"";"";"1"
"2024-07";"Canada";"2016A000011124";"Énergie";"2002=100";"17";"unités";"0";"v41691239";"2.288";"211.6";"";"";"";"1"
"2024-08";"Canada";"2016A000011124";"Énergie";"2002=100";"17";"unités";"0";"v41691239";"2.288";"208.2";"";"";"";"1"
"2024-09";"Canada";"2016A000011124";"Énergie";"2002=100";"17";"unités";"0";"v41691239";"2.288";"198.3";"";"";"";"1"
"2024-10";"Canada";"2016A000011124";"Énergie";"2002=100";"17";"unités";"0";"v41691239";"2.288";"198.9";"";"";"";"1"
"2024-11";"Canada";"2016A000011124";"Énergie";"2002=100";"17";"unités";"0";"v41691239";"2.288";"199.5";"";"";"";"1"
"2024-12";"Canada";"2016A000011124";"Énergie";"2002=100";"17";"unités";"0";"v41691239";"2.288";"199.0";"";"";"";"1"
"2025-01";"Canada";"2016A000011124";"Énergie";"2002=100";"17";"unités";"0";"v41691239";"2.288";"205.3";"";"";"";"1"
"2025-02";"Canada";"2016A000011124";"Énergie";"2002=100";"17";"unités";"0";"v41691239";"2.288";"206.4";"";"";"";"1"
"2025-03";"Canada";"2016A000011124";"Énergie";"2002=100";"17";"unités";"0";"v41691239";"2.288";"204.0";"";"";"";"1"
"2025-04";"Canada";"2016A000011124";"Énergie";"2002=100";"17";"unités";"0";"v41691239";"2.288";"187.8";"";"";"";"1"
"2025-05";"Canada";"2016A000011124";"Énergie";"2002=100";"17";"unités";"0";"v41691239";"2.288";"189.4";"";"";"";"1"
"2025-06";"Canada";"2016A000011124";"Énergie";"2002=100";"17";"unités";"0";"v41691239";"2.288";"188.6";"";"";"";"1"
"2025-07";"Canada";"2016A000011124";"Énergie";"2002=100";"17";"unités";"0";"v41691239";"2.288";"189.5";"";"";"";"1"
"2025-08";"Canada";"2016A000011124";"Énergie";"2002=100";"17";"unités";"0";"v41691239";"2.288";"191.0";"";"";"";"1"
"2025-09";"Canada";"2016A000011124";"Énergie";"2002=100";"17";"unités";"0";"v41691239";"2.288";"193.1";"";"";"";"1"
"2025-10";"Canada";"2016A000011124";"Énergie";"2002=100";"17";"unités";"0";"v41691239";"2.288";"186.0";"";"";"";"1"
"2025-11";"Canada";"2016A000011124";"Énergie";"2002=100";"17";"unités";"0";"v41691239";"2.288";"189.4";"";"";"";"1"
"2025-12";"Canada";"2016A000011124";"Énergie";"2002=100";"17";"unités";"0";"v41691239";"2.288";"181.5";"";"";"";"1"
"2021-01";"Canada";"2016A000011124";"Biens";"2002=100";"17";"unités";"0";"v41691222";"2.274";"123.8";"";"";"";"1"
"2021-02";"Canada";"2016A000011124";"Biens";"2002=100";"17";"unités";"0";"v41691222";"2.274";"125.2";"";"";"";"1"
"2021-03";"Canada";"2016A000011124";"Biens";"2002=100";"17";"unités";"0";"v41691222";"2.274";"126.2";"";"";"";"1"
"2021-04";"Canada";"2016A000011124";"Biens";"2002=100";"17";"unités";"0";"v41691222";"2.274";"126.8";"";"";"";"1"
"2021-05";"Canada";"2016A000011124";"Biens";"2002=100";"17";"unités";"0";"v41691222";"2.274";"127.9";"";"";"";"1"
"2021-06";"Canada";"2016A000011124";"Biens";"2002=100";"17";"unités";"0";"v41691222";"2.274";"128.1";"";"";"";"1"
"2021-07";"Canada";"2016A000011124";"Biens";"2002=100";"17";"unités";"0";"v41691222";"2.274";"129.1";"";"";"";"1"
"2021-08";"Canada";"2016A000011124";"Biens";"2002=100";"17";"unités";"0";"v41691222";"2.274";"129.4";"";"";"";"1"
"2021-09";"Canada";"2016A000011124";"Biens";"2002=100";"17";"unités";"0";"v41691222";"2.274";"129.6";"";"";"";"1"
"2021-10";"Canada";"2016A000011124";"Biens";"2002=100";"17";"unités";"0";"v41691222";"2.274";"130.9";"";"";"";"1"
"2021-11";"Canada";"2016A000011124";"Biens";"2002=100";"17";"unités";"0";"v41691222";"2.274";"131.7";"";"";"";"1"
"2021-12";"Canada";"2016A000011124";"Biens";"2002=100";"17";"unités";"0";"v41691222";"2.274";"130.8";"";"";"";"1"
"2022-01";"Canada";"2016A000011124";"Biens";"2002=100";"17";"unités";"0";"v41691222";"2.274";"132.7";"";"";"";"1"
"2022-02";"Canada";"2016A000011124";"Biens";"2002=100";"17";"unités";"0";"v41691222";"2.274";"134.7";"";"";"";"1"
"2022-03";"Canada";"2016A000011124";"Biens";"2002=100";"17";"unités";"0";"v41691222";"2.274";"137.8";"";"";"";"1"
"2022-04";"Canada";"2016A000011124";"Biens";"2002=100";"17";"unités";"0";"v41691222";"2.274";"138.3";"";"";"";"1"
"2022-05";"Canada";"2016A000011124";"Biens";"2002=100";"17";"unités";"0";"v41691222";"2.274";"141.2";"";"";"";"1"
"2022-06";"Canada";"2016A000011124";"Biens";"2002=100";"17";"unités";"0";"v41691222";"2.274";"142.4";"";"";"";"1"
"2022-07";"Canada";"2016A000011124";"Biens";"2002=100";"17";"unités";"0";"v41691222";"2.274";"141.5";"";"";"";"1"
"2022-08";"Canada";"2016A000011124";"Biens";"2002=100";"17";"unités";"0";"v41691222";"2.274";"140.4";"";"";"";"1"
"2022-09";"Canada";"2016A000011124";"Biens";"2002=100";"17";"unités";"0";"v41691222";"2.274";"140.2";"";"";"";"1"
"2022-10";"Canada";"2016A000011124";"Biens";"2002=100";"17";"unités";"0";"v41691222";"2.274";"141.9";"";"";"";"1"
"2022-11";"Canada";"2016A000011124";"Biens";"2002=100";"17";"unités";"0";"v41691222";"2.274";"142.2";"";"";"";"1"
"2022-12";"Canada";"2016A000011124";"Biens";"2002=100";"17";"unités";"0";"v41691222";"2.274";"139.8";"";"";"";"1"
"2023-01";"Canada";"2016A000011124";"Biens";"2002=100";"17";"unités";"0";"v41691222";"2.274";"141.2";"";"";"";"1"
"2023-02";"Canada";"2016A000011124";"Biens";"2002=100";"17";"unités";"0";"v41691222";"2.274";"141.8";"";"";"";"1"
"2023-03";"Canada";"2016A000011124";"Biens";"2002=100";"17";"unités";"0";"v41691222";"2.274";"142.7";"";"";"";"1"
"2023-04";"Canada";"2016A000011124";"Biens";"2002=100";"17";"unités";"0";"v41691222";"2.274";"143.9";"";"";"";"1"
"2023-05";"Canada";"2016A000011124";"Biens";"2002=100";"17";"unités";"0";"v41691222";"2.274";"144.1";"";"";"";"1"
"2023-06";"Canada";"2016A000011124";"Biens";"2002=100";"17";"unités";"0";"v41691222";"2.274";"144.4";"";"";"";"1"
"2023-07";"Canada";"2016A000011124";"Biens";"2002=100";"17";"unités";"0";"v41691222";"2.274";"144.7";"";"";"";"1"
"2023-08";"Canada";"2016A000011124";"Biens";"2002=100";"17";"unités";"0";"v41691222";"2.274";"145.6";"";"";"";"1"
"2023-09";"Canada";"2016A000011124";"Biens";"2002=100";"17";"unités";"0";"v41691222";"2.274";"145.2";"";"";"";"1"
"2023-10";"Canada";"2016A000011124";"Biens";"2002=100";"17";"unités";"0";"v41691222";"2.274";"144.1";"";"";"";"1"
"2023-11";"Canada";"2016A000011124";"Biens";"2002=100";"17";"unités";"0";"v41691222";"2.274";"144.2";"";"";"";"1"
"2023-12";"Canada";"2016A000011124";"Biens";"2002=100";"17";"unités";"0";"v41691222";"2.274";"143.1";"";"";"";"1"
"2024-01";"Canada";"2016A000011124";"Biens";"2002=100";"17";"unités";"0";"v41691222";"2.274";"143.1";"";"";"";"1"
"2024-02";"Canada";"2016A000011124";"Biens";"2002=100";"17";"unités";"0";"v41691222";"2.274";"143.5";"";"";"";"1"
"2024-03";"Canada";"2016A000011124";"Biens";"2002=100";"17";"unités";"0";"v41691222";"2.274";"144.2";"";"";"";"1"
"2024-04";"Canada";"2016A000011124";"Biens";"2002=100";"17";"unités";"0";"v41691222";"2.274";"145.4";"";"";"";"1"
"2024-05";"Canada";"2016A000011124";"Biens";"2002=100";"17";"unités";"0";"v41691222";"2.274";"145.5";"";"";"";"1"
"2024-06";"Canada";"2016A000011124";"Biens";"2002=100";"17";"unités";"0";"v41691222";"2.274";"144.8";"";"";"";"1"
"2024-07";"Canada";"2016A000011124";"Biens";"2002=100";"17";"unités";"0";"v41691222";"2.274";"145.1";"";"";"";"1"
"2024-08";"Canada";"2016A000011124";"Biens";"2002=100";"17";"unités";"0";"v41691222";"2.274";"144.6";"";"";"";"1"
"2024-09";"Canada";"2016A000011124";"Biens";"2002=100";"17";"unités";"0";"v41691222";"2.274";"143.7";"";"";"";"1"
"2024-10";"Canada";"2016A000011124";"Biens";"2002=100";"17";"unités";"0";"v41691222";"2.274";"144.2";"";"";"";"1"
"2024-11";"Canada";"2016A000011124";"Biens";"2002=100";"17";"unités";"0";"v41691222";"2.274";"144.2";"";"";"";"1"
"2024-12";"Canada";"2016A000011124";"Biens";"2002=100";"17";"unités";"0";"v41691222";"2.274";"142.9";"";"";"";"1"
"2025-01";"Canada";"2016A000011124";"Biens";"2002=100";"17";"unités";"0";"v41691222";"2.274";"144.4";"";"";"";"1"
"2025-02";"Canada";"2016A000011124";"Biens";"2002=100";"17";"unités";"0";"v41691222";"2.274";"145.6";"";"";"";"1"
"2025-03";"Canada";"2016A000011124";"Biens";"2002=100";"17";"unités";"0";"v41691222";"2.274";"146.1";"";"";"";"1"
"2025-04";"Canada";"2016A000011124";"Biens";"2002=100";"17";"unités";"0";"v41691222";"2.274";"144.7";"";"";"";"1"
"2025-05";"Canada";"2016A000011124";"Biens";"2002=100";"17";"unités";"0";"v41691222";"2.274";"145.4";"";"";"";"1"
"2025-06";"Canada";"2016A000011124";"Biens";"2002=100";"17";"unités";"0";"v41691222";"2.274";"145.5";"";"";"";"1"
"2025-07";"Canada";"2016A000011124";"Biens";"2002=100";"17";"unités";"0";"v41691222";"2.274";"145.6";"";"";"";"1"
"2025-08";"Canada";"2016A000011124";"Biens";"2002=100";"17";"unités";"0";"v41691222";"2.274";"145.6";"";"";"";"1"
"2025-09";"Canada";"2016A000011124";"Biens";"2002=100";"17";"unités";"0";"v41691222";"2.274";"146.0";"";"";"";"1"
"2025-10";"Canada";"2016A000011124";"Biens";"2002=100";"17";"unités";"0";"v41691222";"2.274";"145.5";"";"";"";"1"
"2025-11";"Canada";"2016A000011124";"Biens";"2002=100";"17";"unités";"0";"v41691222";"2.274";"146.4";"";"";"";"1"
"2025-12";"Canada";"2016A000011124";"Biens";"2002=100";"17";"unités";"0";"v41691222";"2.274";"144.6";"";"";"";"1"
"2021-01";"Canada";"2016A000011124";"Services";"2002=100";"17";"unités";"0";"v41691230";"2.282";"152.5";"";"";"";"1"
"2021-02";"Canada";"2016A000011124";"Services";"2002=100";"17";"unités";"0";"v41691230";"2.282";"152.6";"";"";"";"1"
"2021-03";"Canada";"2016A000011124";"Services";"2002=100";"17";"unités";"0";"v41691230";"2.282";"152.9";"";"";"";"1"
"2021-04";"Canada";"2016A000011124";"Services";"2002=100";"17";"unités";"0";"v41691230";"2.282";"153.7";"";"";"";"1"
"2021-05";"Canada";"2016A000011124";"Services";"2002=100";"17";"unités";"0";"v41691230";"2.282";"154.0";"";"";"";"1"
"2021-06";"Canada";"2016A000011124";"Services";"2002=100";"17";"unités";"0";"v41691230";"2.282";"154.6";"";"";"";"1"
"2021-07";"Canada";"2016A000011124";"Services";"2002=100";"17";"unités";"0";"v41691230";"2.282";"155.4";"";"";"";"1"
"2021-08";"Canada";"2016A000011124";"Services";"2002=100";"17";"unités";"0";"v41691230";"2.282";"155.7";"";"";"";"1"
"2021-09";"Canada";"2016A000011124";"Services";"2002=100";"17";"unités";"0";"v41691230";"2.282";"156.1";"";"";"";"1"
"2021-10";"Canada";"2016A000011124";"Services";"2002=100";"17";"unités";"0";"v41691230";"2.282";"156.7";"";"";"";"1"
"2021-11";"Canada";"2016A000011124";"Services";"2002=100";"17";"unités";"0";"v41691230";"2.282";"156.5";"";"";"";"1"
"2021-12";"Canada";"2016A000011124";"Services";"2002=100";"17";"unités";"0";"v41691230";"2.282";"157.2";"";"";"";"1"
"2022-01";"Canada";"2016A000011124";"Services";"2002=100";"17";"unités";"0";"v41691230";"2.282";"157.7";"";"";"";"1"
"2022-02";"Canada";"2016A000011124";"Services";"2002=100";"17";"unités";"0";"v41691230";"2.282";"158.4";"";"";"";"1"
"2022-03";"Canada";"2016A000011124";"Services";"2002=100";"17";"unités";"0";"v41691230";"2.282";"159.4";"";"";"";"1"
"2022-04";"Canada";"2016A000011124";"Services";"2002=100";"17";"unités";"0";"v41691230";"2.282";"160.8";"";"";"";"1"
"2022-05";"Canada";"2016A000011124";"Services";"2002=100";"17";"unités";"0";"v41691230";"2.282";"162.0";"";"";"";"1"
"2022-06";"Canada";"2016A000011124";"Services";"2002=100";"17";"unités";"0";"v41691230";"2.282";"162.7";"";"";"";"1"
"2022-07";"Canada";"2016A000011124";"Services";"2002=100";"17";"unités";"0";"v41691230";"2.282";"164.2";"";"";"";"1"
"2022-08";"Canada";"2016A000011124";"Services";"2002=100";"17";"unités";"0";"v41691230";"2.282";"164.3";"";"";"";"1"
"2022-09";"Canada";"2016A000011124";"Services";"2002=100";"17";"unités";"0";"v41691230";"2.282";"164.8";"";"";"";"1"
"2022-10";"Canada";"2016A000011124";"Services";"2002=100";"17";"unités";"0";"v41691230";"2.282";"165.2";"";"";"";"1"
"2022-11";"Canada";"2016A000011124";"Services";"2002=100";"17";"unités";"0";"v41691230";"2.282";"165.5";"";"";"";"1"
"2022-12";"Canada";"2016A000011124";"Services";"2002=100";"17";"unités";"0";"v41691230";"2.282";"166.0";"";"";"";"1"
"2023-01";"Canada";"2016A000011124";"Services";"2002=100";"17";"unités";"0";"v41691230";"2.282";"166.1";"";"";"";"1"
"2023-02";"Canada";"2016A000011124";"Services";"2002=100";"17";"unités";"0";"v41691230";"2.282";"166.8";"";"";"";"1"
"2023-03";"Canada";"2016A000011124";"Services";"2002=100";"17";"unités";"0";"v41691230";"2.282";"167.6";"";"";"";"1"
"2023-04";"Canada";"2016A000011124";"Services";"2002=100";"17";"unités";"0";"v41691230";"2.282";"168.5";"";"";"";"1"
"2023-05";"Canada";"2016A000011124";"Services";"2002=100";"17";"unités";"0";"v41691230";"2.282";"169.4";"";"";"";"1"
"2023-06";"Canada";"2016A000011124";"Services";"2002=100";"17";"unités";"0";"v41691230";"2.282";"169.5";"";"";"";"1"
"2023-07";"Canada";"2016A000011124";"Services";"2002=100";"17";"unités";"0";"v41691230";"2.282";"171.2";"";"";"";"1"
"2023-08";"Canada";"2016A000011124";"Services";"2002=100";"17";"unités";"0";"v41691230";"2.282";"171.3";"";"";"";"1"
"2023-09";"Canada";"2016A000011124";"Services";"2002=100";"17";"unités";"0";"v41691230";"2.282";"171.3";"";"";"";"1"
"2023-10";"Canada";"2016A000011124";"Services";"2002=100";"17";"unités";"0";"v41691230";"2.282";"172.8";"";"";"";"1"
"2023-11";"Canada";"2016A000011124";"Services";"2002=100";"17";"unités";"0";"v41691230";"2.282";"173.1";"";"";"";"1"
"2023-12";"Canada";"2016A000011124";"Services";"2002=100";"17";"unités";"0";"v41691230";"2.282";"173.1";"";"";"";"1"
"2024-01";"Canada";"2016A000011124";"Services";"2002=100";"17";"unités";"0";"v41691230";"2.282";"173.1";"";"";"";"1"
"2024-02";"Canada";"2016A000011124";"Services";"2002=100";"17";"unités";"0";"v41691230";"2.282";"173.8";"";"";"";"1"
"2024-03";"Canada";"2016A000011124";"Services";"2002=100";"17";"unités";"0";"v41691230";"2.282";"175.1";"";"";"";"1"
"2024-04";"Canada";"2016A000011124";"Services";"2002=100";"17";"unités";"0";"v41691230";"2.282";"175.5";"";"";"";"1"
"2024-05";"Canada";"2016A000011124";"Services";"2002=100";"17";"unités";"0";"v41691230";"2.282";"177.2";"";"";"";"1"
"2024-06";"Canada";"2016A000011124";"Services";"2002=100";"17";"unités";"0";"v41691230";"2.282";"177.6";"";"";"";"1"
"2024-07";"Canada";"2016A000011124";"Services";"2002=100";"17";"unités";"0";"v41691230";"2.282";"178.8";"";"";"";"1"
"2024-08";"Canada";"2016A000011124";"Services";"2002=100";"17";"unités";"0";"v41691230";"2.282";"178.6";"";"";"";"1"
"2024-09";"Canada";"2016A000011124";"Services";"2002=100";"17";"unités";"0";"v41691230";"2.282";"178.2";"";"";"";"1"
"2024-10";"Canada";"2016A000011124";"Services";"2002=100";"17";"unités";"0";"v41691230";"2.282";"179.0";"";"";"";"1"
"2024-11";"Canada";"2016A000011124";"Services";"2002=100";"17";"unités";"0";"v41691230";"2.282";"179.1";"";"";"";"1"
"2024-12";"Canada";"2016A000011124";"Services";"2002=100";"17";"unités";"0";"v41691230";"2.282";"179.2";"";"";"";"1"
"2025-01";"Canada";"2016A000011124";"Services";"2002=100";"17";"unités";"0";"v41691230";"2.282";"177.9";"";"";"";"1"
"2025-02";"Canada";"2016A000011124";"Services";"2002=100";"17";"unités";"0";"v41691230";"2.282";"180.1";"";"";"";"1"
"2025-03";"Canada";"2016A000011124";"Services";"2002=100";"17";"unités";"0";"v41691230";"2.282";"180.6";"";"";"";"1"
"2025-04";"Canada";"2016A000011124";"Services";"2002=100";"17";"unités";"0";"v41691230";"2.282";"181.7";"";"";"";"1"
"2025-05";"Canada";"2016A000011124";"Services";"2002=100";"17";"unités";"0";"v41691230";"2.282";"182.9";"";"";"";"1"
"2025-06";"Canada";"2016A000011124";"Services";"2002=100";"17";"unités";"0";"v41691230";"2.282";"183.0";"";"";"";"1"
"2025-07";"Canada";"2016A000011124";"Services";"2002=100";"17";"unités";"0";"v41691230";"2.282";"183.8";"";"";"";"1"
"2025-08";"Canada";"2016A000011124";"Services";"2002=100";"17";"unités";"0";"v41691230";"2.282";"183.6";"";"";"";"1"
"2025-09";"Canada";"2016A000011124";"Services";"2002=100";"17";"unités";"0";"v41691230";"2.282";"183.5";"";"";"";"1"
"2025-10";"Canada";"2016A000011124";"Services";"2002=100";"17";"unités";"0";"v41691230";"2.282";"184.8";"";"";"";"1"
"2025-11";"Canada";"2016A000011124";"Services";"2002=100";"17";"unités";"0";"v41691230";"2.282";"184.2";"";"";"";"1"
"2025-12";"Canada";"2016A000011124";"Services";"2002=100";"17";"unités";"0";"v41691230";"2.282";"185.1";"";"";"";"1"


